firstname,lastname,country,telephoneno,salary,department,country_name,pilot_license,airline_id,code
'Michael','Ryo','Spain','04055 81801638',1431.93,'Air Traffic Control',United States,,WN,IRK
'Rob','Zettler','United States','04131 97082561',1781.48,'Air Traffic Control',United States,,DL,MRF
'David','Thomas','Algeria','08726 4534450',1960.80,'Pilot',Algeria,6453445,AH,GJL
'Lance','Leslie','Ethiopia','0308 38840119',1224.95,'Pilot',Ethiopia,3884011,ET,DEM
'Jonathan Taylor','Thomas','Korea','01377 38233600',1624.84,'Airfield',Korea,,AH,TEO
'Greg','Harris','Korea','06842 95257270',1851.54,'Flight Attendant',United States,,UA,CLT
'Lauren','Schaffel','Denmark','02455 96461971',2550.62,'Gate Agent',United States,,RW,ZNC
'Rodney','Dillard','United States','02880 74273085',1795.10,'Flight Attendant',United States,,AA,SFO
'Colin','Blunstone','Denmark','06643 73896870',2162.29,'Gate Agent',United States,,UA,SFO
'Dez','White','Denmark','08810 21505874',1931.66,'Flight Attendant',United States,,WN,BOS
'Kim','Lyons','Greenland','06238 71641965',1237.50,'Flight Attendant',United States,,WN,EWR
'Dominic','Rhodes','Finland','03053 96100826',1125.40,'Gate Agent',United States,,UA,VDI
'Glenn','Gould','Ethiopia','03725 45767197',1242.28,'Airfield',United States,,DL,TEB
'Shinsuke','Izutsu','Congo','07164 10849608',1475.95,'Gate Agent',United States,,AA,CDB
'James','Burton','Iran','02457 70952449',1858.57,'Pilot',United States,77095244,AA,DFW
'Corey','Barlow','Brazil','09522 91607673',1033.33,'Flight Attendant',United States,,DL,DTW
'James','LoMenzo','Russia','01898 16314832',1902.16,'Airfield',United States,,UA,BOS
'Alfonso','Browning','Brazil','03138 49801962',2842.22,'Pilot',United States,84980196,TW,CLT
'Elizabeth','Chambers','Mexico','07620 39074361',1879.78,'Airfield',Mexico,,AM,TSL
'Kelenna','Azubuike','United States','02717 51442976',1133.86,'Gate Agent',United States,,CH,ATL
'Collien','Fernandes','United States','061 91511836',1615.42,'Flight Attendant',United States,,UA,CLT
'Zlatko','Kranjcar','France','07245 47528602',1501.23,'Air Traffic Control',France,,AF,CQF
'David','DeJesus','Ireland','08548 93479354',1990.61,'Flight Attendant',Ireland,,WX,SNN
'Neale','Daniher','Canada','01998 70749551',1297.64,'Airfield',United States,,UA,JFK
'Felix','Diaz','Yemen','04396 44848043',2742.64,'Air Traffic Control',United States,,DL,MCO
'Seiji','Ozawa','Indonesia','07766 40182188',1428.44,'Pilot',United States,64018218,GV,JVL
'Jacob','Tomuri','Chad','07771 10805393',2457.74,'Airfield',United States,,UA,DFW
'Park','Overall','Cuba','02233 14422342',1835.15,'Gate Agent',United States,,UA,LAS
'Jason','Arnott','Ivory Coast','02325 83931785',2758.14,'Gate Agent',United States,,AA,CLT
'James','Whitley','United States','07792 43457461',2899.39,'Flight Attendant',United States,,DL,PNE
'Chris','Soentpiet','United States','09972 15576402',1252.23,'Gate Agent',United States,,GB,CHI
'Chris','Gissell','United States','04504 59052284',2705.81,'Pilot',United States,45905228,UA,LAS
'Rebecca','Harrell','United States','06462 32861119',1123.42,'Air Traffic Control',United States,,AA,ORD
'Paul','Maholm','United Kingdom','05207 31260732',1003.73,'Air Traffic Control',United States,,AA,PHL
'Michael','Preki','United States','06305 10741533',1129.68,'Air Traffic Control',United States,,UA,LAS
'Junior','Green','United States','07991 55057960',1850.37,'Airfield',United States,,II,KMO
'Mickey','Tettleton','United States','07874 63725045',2998.88,'Airfield',United States,,DL,TKJ
'Kelvin','Grant','Ivory Coast','0920 81508421',1315.52,'Pilot',United States,8150842,WN,EWR
'Don','Chastain','Cameroon','08312 50708058',1999.70,'Air Traffic Control',United States,,WN,ART
'Ryan','Leaf','Chad','02574 21218828',1157.69,'Airfield',United States,,WN,LAX
'Nuno','Bettencourt','Saudi Arabia','02112 67689131',1991.56,'Gate Agent',Saudi Arabia,,XY,ZUL
'Steven Scott','Smalley','Mexico','05651 86476828',2428.36,'Air Traffic Control',Mexico,,JR,MLM
'Linton','Johnson','United States','04944 23980060',1220.93,'Air Traffic Control',United States,,GV,IRB
'Cora Sabrina','Grimm','United Arab Emirates','01855 37179899',1332.42,'Airfield',United States,,WN,PHL
'Howard','Green','Egypt','08374 83387020',2332.62,'Pilot',United States,48338702,WN,DEN
'Brent','Hawkins','Congo','05394 91600503',2319.00,'Pilot',Congo,49160050,TQ,MKJ
'Andy','Rourke','Iran','0866 42173051',2088.47,'Flight Attendant',Iran,,IR,SYZ
'Scott','Phillips','Brazil','09080 73234045',1795.91,'Airfield',Brazil,,RL,BSS
'Guy','Hebert','United States','08025 63997533',2320.12,'Air Traffic Control',United States,,UA,AXB
'Mike','Hawkins','Colombia','05329 12855057',1935.17,'Pilot',Colombia,91285505,VH,ECO
'Frank','Cutolo','Mexico','08469 74721920',2883.26,'Airfield',United States,,AA,ATL
'Diana','Krall','United States','01540 87963611',1171.82,'Gate Agent',United States,,UA,PHL
'Robert','Presbury','Indonesia','05707 12264325',2874.31,'Gate Agent',United States,,UA,PHX
'Christy','Knowings','Germany','08898 84910515',2084.53,'Airfield',Germany,,ST,REB
'Steven','Berkoff','United States','06863 28937664',1727.28,'Airfield',United States,,WN,PHL
'Milan','Petrovich','Canada','09883 70886825',2547.50,'Flight Attendant',Canada,,HH,YTK
'Steven','Spielberg','Mexico','06161 21181341',2886.30,'Air Traffic Control',United States,,UA,SFO
'Max','Kirsch','Brazil','05714 19630159',1916.27,'Airfield',United States,,EX,SEA
'Fred','Stamps','United States','03177 23087461',1425.54,'Air Traffic Control',United States,,DL,JFK
'Alexander','Loffler','United States','02314 28390623',1838.77,'Flight Attendant',United States,,AA,DFW
'Chrissy','Mullins','Ethiopia','01475 45762172',1100.84,'Flight Attendant',Ethiopia,,ET,SHC
'Quintin','Laing','United States','0355 1945100',1357.60,'Air Traffic Control',United States,,UA,CLT
'Eric del','Castillo','United States','08015 79462826',2892.62,'Gate Agent',United States,,LF,SFO
'Mario','Xavier','United States','03067 66421051',1742.35,'Airfield',United States,,ZN,HCR
'Kevin','Houser','Turkey','03274 57257305',1072.60,'Flight Attendant',Turkey,,ZY,DLM
'Mark','Bristol','United States','03672 92212641',1691.97,'Gate Agent',United States,,DL,LAS
'Roy','Manning','United States','02646 27661702',1496.91,'Flight Attendant',United States,,AA,LMS
'Guus','Hiddink','United States','03238 86158442',1197.59,'Pilot',United States,88615844,UA,LGA
'Chris','LeDoux','Chad','06298 14244227',2279.20,'Pilot',Chad,81424422,DU,PLF
'Elin','Klinga','Australia','01775 6752053',2545.16,'Flight Attendant',United States,,FP,MCO
'Robin','Jones','Yemen','08797 90065806',1838.90,'Flight Attendant',United States,,CO,TUL
'Warren','Burton','Indonesia','07396 81294780',2022.66,'Pilot',United States,68129478,XJ,BOS
'Cornelius','Bennett','United States','04336 49437295',1882.48,'Air Traffic Control',United States,,GB,ATL
'Keith','Thibodeaux','United States','02343 2241708',1572.17,'Gate Agent',United States,,XV,LSN
'Chad','Billingsley','Indonesia','09894 12233372',1930.20,'Airfield',United States,,WN,ORD
'Jesse R.','Tendler','Turkey','0349 77290499',1529.81,'Pilot',United States,7729049,DL,LAS
'Emily','Lorini','Turkey','01400 95513611',1693.36,'Pilot',Turkey,09551361,KK,SAW
'Martin','Fry','Chad','02411 51062907',1409.58,'Flight Attendant',United States,,DL,LLX
'Joe','Zelenka','Brazil','03288 66499201',1539.81,'Flight Attendant',Brazil,,RG,MVS
'Jermaine','Hopkins','United States','02866 60466447',1737.74,'Flight Attendant',United States,,BF,BOS
'Simon','Day','United States','0254 52188221',2993.74,'Air Traffic Control',United States,,FX,CLT
'Maxine','Waters','Denmark','03700 67011033',2248.50,'Flight Attendant',Denmark,,GD,MRW
'Kurt','Thomas','Argentina','07134 95505040',1780.79,'Flight Attendant',United States,,DL,SMK
'Taurean','Henderson','Argentina','05036 52241349',1584.58,'Pilot',United States,65224134,DL,LAS
'Erasmus','James','Argentina','01978 15699064',1089.40,'Air Traffic Control',Argentina,,OY,SST
'Scott','Grimes','Argentina','03553 12525473',1444.59,'Flight Attendant',United States,,WN,MIA
'Jamie','Stoddard','Argentina','05667 2547782',1634.93,'Airfield',United States,,QJ,SFO
'Robert','Desiderio','Argentina','04553 13405891',1054.29,'Gate Agent',United States,,WN,MUU
'Mandrell','Dean','Brazil','02463 96389104',1331.32,'Airfield',United States,,AA,SXQ
'James','Hargrave','Brazil','09676 430408',1814.39,'Flight Attendant',United States,,ZK,EWR
'Marvin','Bush','Brazil','04371 72902363',1484.62,'Air Traffic Control',United States,,AA,IAH
'Kevin','Durand','Brazil','04769 62496939',1869.25,'Pilot',United States,96249693,TW,RIW
'Gerry','Conway','Brazil','04216 43117111',1162.18,'Flight Attendant',United States,,WN,DEN
'Goro','Kishitani','Australia','08130 97505593',2506.51,'Pilot',United States,09750559,EZ,LGA
'Mike','Johnson','Brazil','06478 33560555',1277.90,'Flight Attendant',United States,,DL,GHM
'Hernan','Moyano','United States','06623 16442492',1714.48,'Airfield',United States,,AA,MSP
'Brian','Dallimore','Turkey','09034 37758955',2069.00,'Gate Agent',United States,,FX,IAH
'Jussi','Jokinen','India','02883 13862533',2893.80,'Air Traffic Control',India,,QP,PNQ
'Dave','Stewart','Nigeria','06910 8657193',1477.96,'Airfield',Nigeria,,VK,MDI
'Traci','Stick','Libya','01580 14598835',1992.76,'Flight Attendant',Libya,,UZ,SEB
'Beat','Marti','Canada','02876 96253309',1585.12,'Flight Attendant',United States,,AA,JFK
'Keith','Jackson','India','08665 53522054',1142.85,'Gate Agent',United States,,OH,PHL
'Cyrus','Bolooki','Turkey','08891 30760787',1439.15,'Airfield',Turkey,,XQ,BXN
'Sharon','Bryant','Greece','03211 89856168',1070.30,'Gate Agent',United States,,YX,EKI
'Rob','Davis','Greece','04738 51582912',1374.37,'Flight Attendant',Greece,,HJ,MJT
'Javier','Bardem','Venezuela','08950 54194433',1487.35,'Pilot',United States,05419443,AA,BKT
'Ione','Skye','United States','09941 19835589',1895.42,'Airfield',United States,,UA,AED
'Jerome','Kersey','United States','04408 91805947',1615.76,'Air Traffic Control',United States,,AA,SGT
'John','Warne','Panama','01095 76691619',1643.77,'Flight Attendant',United States,,UA,AHF
'Daniel','Hogg','Mexico','03856 25969531',1675.80,'Airfield',United States,,UA,MWO
'Don','Klein','Colombia','07753 55349606',1052.33,'Pilot',United States,35534960,VX,MCO
'Karl','Bartos','Algeria','09029 3134717',1924.19,'Airfield',United States,,GV,ATL
'Kris','Newbury','Japan','08204 4492782',1085.57,'Flight Attendant',Japan,,NV,AHA
'Junior','Brown','Tuamotu Is','07771 13005193',2309.13,'Gate Agent',United States,,WN,SFO
'Erik','Storz','India','03442 40291521',1109.44,'Gate Agent',United States,,UA,EWR
'Sie','Kohinata','Finland','06292 1105282',1302.17,'Airfield',United States,,UA,JMA
'Matt','Cheslin','Germany','03130 79967856',1763.40,'Flight Attendant',Germany,,ST,BFE
'Martin','Skoula','Iran','03386 42125705',1785.90,'Flight Attendant',United States,,AA,IAH
'Gerry','Goffin','United States','0872 33377261',2047.13,'Flight Attendant',United States,,UA,ADW
'Ahmad-Jamal','Ellis','United States','0817 55312733',1538.55,'Pilot',United States,5531273,WN,TUS
'Cecilia','Frode','Papua New Guinea','07442 12761496',1660.44,'Airfield',United States,,EX,MSP
'Howard','Scott','Mauritania','03713 41007261',1708.50,'Flight Attendant',Mauritania,,CQ,BGH
'Tuomo','Ruutu','United States','05918 38111639',2521.67,'Gate Agent',United States,,WN,MIA
'Andy','Gonzalez','United States','0775 22469279',2533.20,'Gate Agent',United States,,WN,EED
'Matt','Geiger','United States','02110 83956655',1436.78,'Air Traffic Control',United States,,UA,LAX
'Emma','Ledden','Canada','0862 23680714',1492.12,'Airfield',United States,,CB,ORD
'Brad','Butler','France','05180 15304144',1435.34,'Air Traffic Control',France,,AF,DPE
'Russell','Crowe','United States','09495 89996222',1842.37,'Pilot',United States,58999622,EZ,KIB
'Courtney B.','Vance','United States','02369 96906713',1084.10,'Airfield',United States,,DL,ATL
'Andrea Alberto Pierre','Casiraghi','United States','01676 19379894',1020.97,'Air Traffic Control',United States,,WC,MIA
'Teddy','Carr','United States','07531 22221719',2635.45,'Pilot',United States,12222171,DL,BTL
'Brian','Freia','United States','02655 68273502',1888.78,'Airfield',United States,,WN,LFI
'Charles','Neville','United States','01646 19140759',1156.89,'Pilot',United States,61914075,AA,PHL
'Tionne','Watkins','United States','06609 79191606',1971.93,'Pilot',United States,97919160,AA,DFW
'Fletcher Farrow','Previn','Guyana','04137 10724224',1438.80,'Pilot',Guyana,71072422,SE,PMT
'Jared','Odrick','United States','08778 38488514',1761.52,'Gate Agent',United States,,AN,DEN
'Tracy','Tracy','France','02944 6975512',2533.65,'Gate Agent',United States,,FX,DTW
'Jonas','Gulstorff','Nigeria','01159 40199895',2288.83,'Airfield',United States,,DL,SFO
'Mike','Brien','United States','09731 73407661',2671.94,'Gate Agent',United States,,WQ,IAH
'Damon','Minor','Cook Is','0489 96498661',1161.43,'Gate Agent',United States,,RP,RUI
'Mandisa','Stevenson','Japan','03065 46609120',1028.74,'Airfield',United States,,UA,DTW
'Rene','Berg','Congo','05374 90501847',2094.25,'Gate Agent',Congo,,DV,OUE
'Jeff','Bankert','United States','06938 93994384',1539.13,'Pilot',United States,89399438,UA,SXQ
'Sharon','Brown','United States','08511 49094718',2857.94,'Flight Attendant',United States,,WN,DFW
'Ralf','Moeller','United States','02085 17205064',2630.54,'Pilot',United States,51720506,WN,LGA
'Kevin','Cronin','Japan','06648 12342387',2316.44,'Gate Agent',United States,,UA,LWV
'Enrique','Wilson','Mauritania','09353 87376676',2656.10,'Gate Agent',Mauritania,,AP,KED
'Solveig','Duda','Sudan','03029 40522039',1997.15,'Airfield',United States,,AA,CLT
'Jack','Kehoe','India','01758 99489433',2308.38,'Pilot',United States,89948943,UA,SUX
'Sidney','Rice','Cameroon','02009 53604625',1893.99,'Flight Attendant',United States,,DL,PHX
'Sofie','Cappelen','Togo','0109 77037843',1192.34,'Gate Agent',Togo,,IF,LFW
'Mickey','Callaway','United States','09378 54879782',1620.66,'Pilot',United States,85487978,DL,WBU
'Leigh','Whannell','United States','02398 93181657',2062.45,'Air Traffic Control',United States,,DL,SEA
'Clinton','Kim','United States','0502 55056330',1601.64,'Gate Agent',United States,,AA,MSP
'Jim','Montgomery','United States','0919 13671728',1865.17,'Flight Attendant',United States,,DL,MSP
'Peppi','Zellner','Cyprus','03782 97837769',1028.52,'Pilot',Cyprus,29783776,UI,AKT
'Robert','Hall','Kazakhstan','05840 81850685',1754.35,'Airfield',United States,,UA,VJI
'Michael','Basnight','Kazakhstan','07193 98207898',1765.70,'Pilot',Kazakhstan,39820789,HZ,EKB
'Natalie','Babbit','Canada','0399 42835959',1807.79,'Airfield',United States,,RW,HWO
'Jon','Ritchie','Nigeria','06507 77370467',1447.37,'Gate Agent',United States,,DL,JFK
'Marcus','White','Iceland','0984 3172153',1228.93,'Pilot',United States,317215,WN,ORD
'Natalia','Cigliuti','Saudi Arabia','09301 55972951',1313.38,'Gate Agent',United States,,UA,ORD
'Ed','Jovanovski','United Arab Emirates','01621 97282149',1898.99,'Pilot',United States,19728214,DL,SAT
'Matthew','Tracie','Egypt','01442 34120989',1253.43,'Air Traffic Control',Egypt,,NE,SKV
'Anthony','Browne','Saudi Arabia','03794 81904372',2737.26,'Gate Agent',Saudi Arabia,,ZS,GIZ
'Thomas','Gibson','United Arab Emirates','0348 88300526',1719.70,'Pilot',United States,8830052,FP,BIE
'Dustin','Lyman','Saudi Arabia','06445 40232594',2029.14,'Pilot',United States,54023259,WN,DTW
'Paul','Haslinger','United Arab Emirates','03518 93453905',2092.50,'Flight Attendant',United States,,SY,PIB
'Kevin','Lulu','United States','03602 18321735',1481.65,'Air Traffic Control',United States,,WN,MSP
'Fred','Evans','United States','08369 66521527',2317.90,'Flight Attendant',United States,,DL,MIA
'Louis-Philippe','Capelle','United States','03335 48077517',1693.42,'Gate Agent',United States,,WN,DTW
'Fernando','Seguignol','United States','06069 51578900',1325.92,'Airfield',United States,,WN,JFK
'Saty','Raghavachary','Mexico','05024 27437533',1941.78,'Airfield',United States,,LW,MSP
'Scott','Nichol','Kenya','04176 97834775',2957.57,'Air Traffic Control',Kenya,,KQ,NUU
'Chris','Carter','Finland','08926 81345406',2720.81,'Airfield',United States,,HB,LAS
'Andy','Stahl','Spain','09674 72453061',1078.34,'Pilot',United States,47245306,AA,CLT
'Don','Murray','Angola','05425 49309832',2004.29,'Airfield',Angola,,DT,UGO
'Jordan','Alan','United States','03008 96785062',1384.42,'Flight Attendant',United States,,XP,MSP
'Jason','Martin','United States','08601 16655940',2264.49,'Flight Attendant',United States,,DL,MCO
'Matt','George','Australia','08206 42107034',2282.88,'Flight Attendant',United States,,WN,MYV
'Steve','Tovar','Yemen','05278 81290085',1379.98,'Pilot',United States,88129008,WN,ATL
'Florian','Fischer','Italy','01657 58401235',1670.82,'Flight Attendant',United States,,CB,DTW
'Jiri','Fischer','Canada','07482 56274672',1317.73,'Flight Attendant',United States,,CN,CEV
'Roy','Harper','United States','02994 16476202',1999.47,'Gate Agent',United States,,DL,JFK
'Corey','Clark','United States','03675 63341077',1141.47,'Gate Agent',United States,,DL,MIA
'Julian','Coutts','Mexico','0949 92822273',1688.72,'Gate Agent',United States,,DL,MSP
'Khreem','Smith','Venezuela','06028 81671832',2803.49,'Flight Attendant',United States,,AA,DFW
'Karri','Ramo','Cuba','08441 14428235',2074.96,'Airfield',United States,,AA,LIT
'Dick','Enberg','Colombia','08401 24836679',2189.76,'Airfield',United States,,WN,JLN
'Kenton','Keith','United States','0687 14978329',1934.92,'Flight Attendant',United States,,AS,AHF
'Juan','Rincon','France','08890 56242154',2049.64,'Pilot',United States,05624215,EX,LAX
'Kevin','Zegers','United States','02125 60402264',1525.94,'Airfield',United States,,WN,BOS
'Jamaal','Magloire','United States','03233 59387716',1543.80,'Air Traffic Control',United States,,SY,MKC
'Tyler','Sloan','Yemen','08100 81046905',2592.70,'Pilot',Yemen,08104690,IY,MFY
'Penny','Baker','United States','04921 44844324',2362.70,'Gate Agent',United States,,RP,DTW
'Dave','Hanners','Australia','06356 33848808',1561.80,'Air Traffic Control',United States,,AA,CRG
'Roselyn','Sanchez','Spain','07639 42411364',1406.92,'Airfield',United States,,UA,CGZ
'Dragan','Jovanovic','Colombia','01685 1210631',1664.33,'Airfield',Colombia,,QT,SCA
'Katy','Magnuson','United Kingdom','09983 48489086',2977.96,'Air Traffic Control',United States,,KG,IAH
'Courtney','Galiano','United States','04271 86727699',2588.40,'Air Traffic Control',United States,,WN,VPS
'Brad','Yamaoka','United Kingdom','0915 44317759',1380.70,'Air Traffic Control',United States,,VN,SEA
'Brian','Fox','Peru','06154 46283088',1220.30,'Pilot',United States,44628308,HP,DTW
'Cornelius','Gunther','Poland','08770 96140479',2825.61,'Flight Attendant',Poland,,RR,WMI
'Rich','Little','Syria','09107 80259271',1712.34,'Air Traffic Control',United States,,WN,LGA
'Ruben','Brown','Canada','01516 86250663',1101.12,'Gate Agent',United States,,GQ,MIA
'Denis','Moschitto','Canada','02615 990942',1519.16,'Gate Agent',United States,,UA,ATL
'Jamie','McGourty','Peru','0951 10004658',1948.70,'Flight Attendant',United States,,AA,GRK
'Irina','Livanova','Italy','0474 99183352',1346.00,'Airfield',Italy,,IG,TRS
'Kathleen','Kennedy','South African Rep','07264 16419527',2046.39,'Pilot',United States,41641952,DL,ORD
'Ernie','Brown','United States','04994 59088703',2768.43,'Airfield',United States,,WI,OSB
'Mish','Twombly','United States','0817 20926704',1182.67,'Air Traffic Control',United States,,XP,GAK
'Adrienne','Frantz','United States','06091 47865495',1550.89,'Flight Attendant',United States,,AA,LAX
'Jacqueline','Hennessy','Iceland','01164 52682838',2814.99,'Air Traffic Control',Iceland,,CC,OPA
'Steve','Griffin','New Zealand','06633 12928290',1521.87,'Airfield',United States,,WN,JOR
'Peter','Budaj','Greece','09050 27591058',2584.67,'Gate Agent',United States,,AA,IAH
'Prins','Henrik','United States','0105 94684341',2404.97,'Air Traffic Control',United States,,AA,BOS
'Jay','Witasick','Egypt','07003 70095148',1419.43,'Pilot',United States,37009514,UA,CLT
'Heidi','Montag','United States','09791 53925464',2329.56,'Air Traffic Control',United States,,AA,UBS
'Nancy-Rae','Aaron','United States','03103 45197922',1486.78,'Gate Agent',United States,,DL,PHX
'David','Marciano','United States','05580 26981431',1273.77,'Flight Attendant',United States,,WN,LAS
'Ashley','Crow','Canada','04308 88506273',1827.71,'Pilot',Canada,88850627,WS,ZEM
'Esteban','Arias','Greece','06034 29025539',2261.62,'Gate Agent',United States,,UH,GLR
'Johnny','Cash','Canada','08919 2460702',2523.34,'Gate Agent',Canada,,QK,YMH
'Mike','Peca','Brazil','06533 24557337',1590.95,'Gate Agent',Brazil,,WH,SSZ
'Michael Dawson','Crawford','Peru','0747 45874294',1506.98,'Air Traffic Control',United States,,WN,LGA
'Fred','Matua','Colombia','09929 80262695',2173.00,'Gate Agent',Colombia,,YH,SOH
'Cliff','Lee','Colombia','01155 26520194',2575.27,'Pilot',Colombia,52652019,VH,CPB
'Masamune','Shirow','Peru','06639 59462133',2383.15,'Air Traffic Control',Peru,,JZ,HUU
'John','Tardy','Yemen','0433 23530034',1110.39,'Flight Attendant',United States,,UA,DEN
'Jerrod','Riggan','Venezuela','04226 25821790',2649.21,'Gate Agent',United States,,WN,CJN
'James','Fuller','United States','0855 25768546',1336.57,'Gate Agent',United States,,DL,JAO
'Vasili','Tsatsos','Yemen','07263 73928447',1558.88,'Airfield',United States,,XE,LAS
'James','Wisniewski','Spain','03120 83924680',2587.66,'Gate Agent',United States,,CH,ORD
'Laurent','Marceline','United States','03390 94433217',2138.58,'Airfield',United States,,WN,LAS
'Hermann','Riessner','Australia','02197 60468156',2339.14,'Pilot',Australia,76046815,VA,TYG
'Troy','Ready','Central African Rep','04654 82911791',1201.55,'Air Traffic Control',Central African Rep,,IE,BSL
'Miho','Konishi','Sweden','0161 19860972',1772.27,'Pilot',Sweden,1986097,WV,JKG
'Vanessa','Hayden','South African Rep','08739 54684160',1863.26,'Airfield',South African Rep,,PI,FCA
'Mike','Richards','United States','06670 24149980',1458.62,'Airfield',United States,,UA,TRL
'Nate','Jackson','South African Rep','02817 8192061',1936.36,'Air Traffic Control',United States,,AA,DTW
'Omar','Epps','Philippines','0922 21762578',2662.34,'Flight Attendant',United States,,WN,CLT
'Phil','Logan','India','08436 22770769',1169.25,'Flight Attendant',United States,,UA,SEA
'Neil','Gaiman','United States','02141 1352099',1251.66,'Pilot',United States,1135209,WN,ROX
'Alexis','Grace','Pakistan','05796 18472548',1255.42,'Pilot',United States,61847254,AA,IAH
'Brian','Lawrence','Sweden','05448 91804891',2594.50,'Pilot',United States,89180489,ZW,EWD
'Patrick','Rissmiller','United States','02966 26156712',2003.18,'Air Traffic Control',United States,,WN,DTW
'Ramey','Elali','United States','05473 13443944',2705.96,'Air Traffic Control',United States,,UA,MSP
'Marilu','Henner','United States','08263 22273770',1373.72,'Gate Agent',United States,,DL,DTW
'Frank','Harris','United States','06874 44621616',1961.20,'Airfield',United States,,HP,FOB
'Vanessa','Zima','Germany','0682 46788119',1479.72,'Gate Agent',United States,,WN,LAS
'Charlie','Watts','United States','07113 30902606',1463.59,'Air Traffic Control',United States,,AA,LAX
'Michael','White','Denmark','07339 85605160',1485.70,'Pilot',United States,98560516,UA,ATL
'Jonathan','Guiles','United States','05600 42462383',1058.99,'Air Traffic Control',United States,,DL,MCO
'Helena','Brodin','United States','02509 94833461',2734.57,'Airfield',United States,,WN,AFW
'Carlo','Colaiacovo','Germany','06278 81439809',1429.98,'Airfield',Germany,,HE,CSO
'Ryne','Sandberg','United States','04773 83859335',1543.60,'Flight Attendant',United States,,UA,MSP
'Aleksandra','Wojda','Canada','08094 58253545',1459.61,'Pilot',United States,45825354,HB,BOS
'Deanna','Jackson','Morocco','07711 37237778',1840.22,'Flight Attendant',United States,,WN,CLT
'Lisa','McCune','Kazakhstan','07153 81307758',1840.72,'Pilot',United States,38130775,AA,GWS
'Erin','Damond','Egypt','09742 79580205',2397.81,'Gate Agent',United States,,WI,SEA
'Curtis','Leskanic','Brazil','03162 18395502',1983.87,'Airfield',United States,,WN,DNV
'Brian Taylor','Lee','United States','01523 10895813',1120.25,'Airfield',United States,,ZW,LAX
'Ade','Mangum','Brazil','0233 85647083',1432.96,'Pilot',United States,8564708,MC,PHX
'Dwayne','Wiggins','Spain','01143 26586965',1137.00,'Pilot',Spain,32658696,IF,LPA
'Ada','Nicodemou','Colombia','0146 32892137',2714.49,'Airfield',United States,,DL,CWF
'Robert','Rusler','Chile','01829 18443926',2344.40,'Flight Attendant',United States,,AA,LOZ
'Donald','Shoals','Argentina','06505 52412658',2113.29,'Airfield',United States,,AA,RIL
'E. Katherine','Kerr','Greece','09063 2833701',1064.89,'Pilot',United States,3283370,DL,GVT
'Derrick','Morgan','United States','07668 8951975',1202.32,'Airfield',United States,,UA,PHX
'Nora','Gorbe','United States','08083 81040476',1266.13,'Airfield',United States,,DL,DRI
'Deryck','Whibley','Botswana','0179 7376210',1236.65,'Gate Agent',Botswana,,BP,JWA
'Cecilia','Zwick-Nash','Australia','01073 84990627',1091.19,'Pilot',United States,38499062,WN,ORD
'Bill','Laswell','Seychelles','06835 97048144',2607.76,'Pilot',United States,59704814,DL,PDK
'Dario','Argento','United States','08686 86373542',1726.90,'Flight Attendant',United States,,AA,REH
'Dale','Wolfe','United States','02222 43565653',1787.42,'Gate Agent',United States,,UA,DTW
'David','Bulow','United States','0563 39534316',1968.34,'Gate Agent',United States,,DL,PHX
'Marty','Stouffer','Brazil','09479 70487178',2308.80,'Gate Agent',Brazil,,RL,OPS
'Kalvin','Pearson','Argentina','07670 77470253',2148.16,'Air Traffic Control',United States,,FP,PHX
'Angelique','Hennessy','United States','02717 59339698',2053.92,'Airfield',United States,,AA,EWR
'Joe','DeLamielleure','Norway','08103 79144098',1672.20,'Air Traffic Control',United States,,ZK,THP
'Liam','Tyson','Mongolia','09587 80183952',1294.90,'Flight Attendant',Mongolia,,OM,COQ
'Buck','Dharma','Brazil','08611 30463049',1546.62,'Flight Attendant',United States,,QX,PHL
'Lisa','Karlstrom','Germany','01265 14184860',1725.00,'Airfield',Germany,,CL,RBM
'Donny','Hathaway','Switzerland','03857 46971529',1876.45,'Gate Agent',United States,,HA,ATL
'Ronald','Fields','Germany','05293 52629156',1129.53,'Flight Attendant',Germany,,LH,HDF
'Russell P.','Marleau','Brazil','09820 47481693',1562.10,'Gate Agent',United States,,UA,ONM
'Miki','Mizuno','Brazil','06898 4661196',1523.49,'Air Traffic Control',Brazil,,JH,JJG
'Rafael S.','Pujals','Brazil','01486 10770831',2880.31,'Airfield',United States,,WN,DFW
'John','Bellairs','Canada','0980 24326409',2021.43,'Flight Attendant',United States,,DL,MCO
'Clarence John','Woods','United States','02808 85792212',1488.50,'Flight Attendant',United States,,UA,DFW
'Rodrigo','Marion','United States','04190 9466459',1198.44,'Pilot',United States,0946645,WN,SEA
'Rashard','Cook','United States','02498 29637510',1016.70,'Gate Agent',United States,,OO,MIA
'Jon','Dunn','Ethiopia','09604 59156561',1729.62,'Air Traffic Control',United States,,AA,DFW
'Mary Lyn','Sartori','Somalia','04393 2490674',1185.10,'Flight Attendant',Somalia,,QY,GBM
'Glenn','Tipton','Panama','01190 39967133',1439.53,'Airfield',Panama,,CM,CDE
'Ann','Pennington','Argentina','06277 54558678',1769.66,'Flight Attendant',United States,,UA,LAS
'Nikolaj','Coster-Waldau','Portugal','01980 29025698',1668.78,'Flight Attendant',United States,,LW,JFK
'Erik','Turner','United States','01570 21084210',1777.93,'Flight Attendant',United States,,WN,ATL
'John','Frascatore','Sweden','02621 73112420',2757.77,'Gate Agent',United States,,FP,VLE
'Harry','Vanda','Russia','03478 35047563',1400.33,'Air Traffic Control',United States,,WN,DEN
'Sooty','Jones','Italy','02290 77614595',1784.31,'Gate Agent',Italy,,BV,VIC
"'Jason \""J\""'",'Brown','France','03889 62055268',2305.91,'Gate Agent',France,,PV,MVV
'Sean','Fenison','Japan','01151 72647570',1747.51,'Flight Attendant',Japan,,GK,NGS
'Noah','Berlow','Libya','05063 72752671',2445.53,'Gate Agent',Libya,,LN,LMQ
'Tony','Romo','Brazil','04842 94711305',1743.62,'Air Traffic Control',Brazil,,JH,BVB
'Julius','Jones','Japan','04535 10369668',1114.98,'Airfield',United States,,CS,DFW
'Larry','Izzo','United States','03915 40072228',2481.17,'Pilot',United States,54007222,AA,DAY
'Kelvin','Jones','Brazil','05912 33181693',1114.34,'Air Traffic Control',United States,,BB,LAX
'Oscar','Villarreal','Brazil','02774 38861494',1836.20,'Air Traffic Control',Brazil,,JH,GGH
'Jason','Connery','United States','02620 22585761',1858.35,'Gate Agent',United States,,AA,ODC
'David','Crossman','Madagascar','03695 96608495',2789.57,'Flight Attendant',Madagascar,,MD,FTU
'Courtney','Lee','Cameroon','04114 30593695',1154.72,'Air Traffic Control',United States,,WN,PHX
'Jeremy','Phillips','Madagascar','06794 88055006',1447.22,'Air Traffic Control',Madagascar,,MD,AMB
'Brian','Bosworth','Belize','05234 42426047',2100.81,'Flight Attendant',United States,,UA,LAX
'Joshua','Morrell','France','03122 78408796',2889.37,'Gate Agent',United States,,AA,SFO
'Kory','Casto','Australia','02727 9291907',1000.86,'Flight Attendant',Australia,,NC,TCW
'Cliff','Floyd','Madagascar','07112 12442751',1008.70,'Airfield',United States,,WN,PHL
'Hugh','Smith','United States','04972 68626940',1148.67,'Pilot',United States,26862694,WN,PHL
'Roman','Polanski','Kenya','09840 63329002',1740.19,'Pilot',Kenya,06332900,KQ,MRE
'Christy','Chung','Djibouti','06278 79717585',1744.64,'Flight Attendant',United States,,AA,FST
'Harold Lopez','Garroz','Switzerland','0202 41214415',1474.51,'Flight Attendant',Switzerland,,DS,BSL
'Jimmy','Clanton','Angola','02567 10187440',1320.98,'Air Traffic Control',United States,,WN,ORD
'Lynn','McGruder','Chad','07352 87583321',1809.60,'Flight Attendant',United States,,DL,ATL
'Torrie','Cox','United States','03918 64052541',1506.32,'Flight Attendant',United States,,AA,BHM
'Monica','Rourke','Netherlands','01189 52259655',1327.57,'Airfield',United States,,AA,IAH
'Emily','McLaughlin','Italy','08584 76470272',1662.40,'Air Traffic Control',United States,,AA,ORD
'Todd','Snider','United States','04117 94318233',1650.62,'Air Traffic Control',United States,,WN,IAH
'Michael','Grant','Brazil','01615 32030482',1395.45,'Gate Agent',United States,,KG,EWR
'Kerry','Hayes','United States','07823 69973303',2654.50,'Air Traffic Control',United States,,DL,DFW
'Jon','Morris','United States','04005 65427531',1883.97,'Airfield',United States,,CS,IAH
'Michael L.','Brown','United States','09197 42116393',2901.92,'Airfield',United States,,DL,DTW
'Dwayne De','Rosario','Canada','02492 93481238',2165.83,'Pilot',United States,29348123,WN,MIA
'Trey','Brown','Greece','06069 72182928',1034.55,'Flight Attendant',Greece,,MV,KZI
'Derrick','Carr','Burkina Faso','07762 99857573',2161.94,'Flight Attendant',United States,,DL,JFK
'Paul','Buchwitz','Cape Verde','03447 2506801',1751.70,'Air Traffic Control',Cape Verde,,VR,MKE
'Richard','Kind','Canada','01736 4909527',1834.83,'Flight Attendant',United States,,WN,DFW
'Rico','Fata','Belgium','02364 15462566',1082.28,'Airfield',Belgium,,TB,CRL
'Eindride','Eidsvold','Madagascar','04504 1836198',1058.90,'Air Traffic Control',United States,,UA,IAH
'Cathy','Crosby','Madagascar','01399 6778156',1368.57,'Airfield',United States,,UA,EWR
'Mario','Vazquez','Sri Lanka','08074 94842045',1475.74,'Airfield',United States,,AN,SEA
'Adam','Graves','Germany','06224 99376462',1715.96,'Airfield',United States,,DQ,MSP
'Darcy','Tucker','Italy','05144 12870685',1321.64,'Pilot',United States,41287068,WN,KLS
'Hilton','Valentine','Spain','01343 44634144',2664.51,'Air Traffic Control',United States,,WN,LGA
'Elana','Eden','India','04326 50628429',2730.00,'Air Traffic Control',India,,QP,IXJ
'Sean J.','Dory','Sweden','05208 97677115',1894.47,'Flight Attendant',United States,,UA,SEA
'Shaunzinski','Gortman','Chad','03380 27712712',1417.94,'Airfield',United States,,DL,LAS
'Brad','Bergesen','French Pacific Overseas Terr.','07046 46174343',1876.63,'Flight Attendant',United States,,AA,BBD
'Matt','Baker','Venezuela','05932 42211170',1896.58,'Gate Agent',United States,,AA,MSP
'Roger','Taylor','United States','02720 49887484',1138.46,'Flight Attendant',United States,,CB,PHX
'Mike','Cameron','United States','01750 38367919',1564.54,'Airfield',United States,,DL,WPO
'Sean','Hamilton','Turkey','09867 83879456',1472.15,'Flight Attendant',United States,,AA,IAH
'Joe','Pavelski','United States','06510 38780760',1886.35,'Gate Agent',United States,,UA,MSP
'Clay','Bellinger','Madagascar','05554 4704966',2725.46,'Airfield',United States,,DL,JFK
'Chad','Crandell','Brazil','05324 12307301',1813.62,'Gate Agent',Brazil,,WH,OPS
'Eric','Dutt','Brazil','06371 90817861',1917.65,'Airfield',United States,,BQ,PHX
'Jim','Crichton','Argentina','08626 35814175',1116.88,'Air Traffic Control',United States,,AA,EWR
'Bruce','Davis','France','05549 36873634',1959.93,'Flight Attendant',United States,,DL,UKT
'Koebi','Kuhn','France','06970 98698303',2175.81,'Flight Attendant',United States,,BF,PHL
'Danny','Mota','Norway','05642 32864034',2692.40,'Flight Attendant',Norway,,WF,FRO
"'Fred \""Too Slim\""'",'LaBour','United States','03612 20505415',2684.99,'Air Traffic Control',United States,,UA,CLT
'Debbie','Matenopoulos','Australia','09665 5803316',1837.41,'Flight Attendant',United States,,UA,MSP
'Sheldon','Haliburton','Madagascar','07939 69955208',1744.99,'Airfield',United States,,DL,LAS
'Kassidy','Osborn','France','04774 62705455',1616.50,'Air Traffic Control',United States,,WN,DTW
'Melanie','Alexander','Guam','08529 91295002',2001.16,'Gate Agent',United States,,AA,NIE
'Eddy','Raven','United States','01168 25373019',2479.63,'Air Traffic Control',United States,,AA,CLT
'Jason','Johnson','United States','01735 91032626',2106.60,'Pilot',United States,59103262,UA,BSW
'Jeff','Corwin','United States','05420 94507416',2711.71,'Air Traffic Control',United States,,YI,LAX
'Paul','Bartel','Sweden','08868 65860143',2558.12,'Flight Attendant',United States,,UA,SEA
'Mira','Wanting','Brazil','0882 56614520',1215.98,'Pilot',United States,5661452,UA,REO
'Danny','Farmer','Norway','06566 20157778',2067.50,'Flight Attendant',Norway,,DY,BDU
'Janaina','Lince','Brazil','05464 22247879',1346.73,'Pilot',United States,42224787,AA,NYG
'Cyron','Brown','Madagascar','01187 80350279',1972.41,'Air Traffic Control',United States,,RW,MIA
'Makiko','Kimura','Greece','03025 43769033',1364.35,'Air Traffic Control',United States,,WN,SAR
'Wade','Miller','Canada','063 28898088',1162.88,'Gate Agent',Canada,,HH,YLB
'Jack','Ryland','United States','07567 49991726',1813.69,'Air Traffic Control',United States,,UA,DFW
'Brooke','Nevin','United States','02000 89137205',1999.24,'Air Traffic Control',United States,,UA,LGA
'Rick','Astley','United States','06746 10373455',1658.36,'Airfield',United States,,UA,ORD
'Anton','Rodin','United Kingdom','07523 90464276',1523.77,'Flight Attendant',United States,,WN,DTW
'Phil','Collins','United States','04093 21962237',1021.38,'Air Traffic Control',United States,,KS,PHX
'Quincy','Carter','Brunei','05910 91809218',1165.22,'Flight Attendant',United States,,QJ,SFO
'Pooja','Shah','Morocco','06359 31593219',2818.30,'Flight Attendant',Morocco,,FN,SII
'Andres','Arango','Morocco','03549 7698027',1064.67,'Airfield',United States,,WN,DEN
'Simone','Edwards','Micronesia','02217 58454091',1860.42,'Air Traffic Control',United States,,PA,CLT
'Caitlin','Mowrey','United States','07446 38929766',1768.10,'Air Traffic Control',United States,,WN,KMO
'Jimmy','Breslin','Uruguay','04980 38222594',1856.39,'Airfield',Uruguay,,PU,VCH
'Josh','Gorges','Sweden','01965 76214850',1361.41,'Gate Agent',United States,,AX,ATL
'Billie','Piper','United States','02341 52850773',2158.34,'Flight Attendant',United States,,DV,MSP
'Genevieve','Rioux','Canada','06058 33318912',1753.87,'Pilot',Canada,83331891,CP,YVC
'Alfonso','Loera','Mozambique','03895 32182074',1894.52,'Gate Agent',United States,,WN,CLT
'S. J.','Evans','Brazil','08284 39181162',2221.12,'Flight Attendant',United States,,WN,DFW
'Timothy','Spall','Brazil','07718 58560017',1161.56,'Air Traffic Control',United States,,DL,FLV
'Deon','Grant','United States','05911 54064355',2066.73,'Gate Agent',United States,,YV,MSP
'Josh','Brolin','Denmark','03032 57276731',1808.81,'Gate Agent',Denmark,,DJ,ZBU
'Kip','Brennan','United States','073 53661800',1756.82,'Pilot',United States,366180,WN,DEN
'Aimee','Osbourne','United States','06439 70056416',1106.36,'Air Traffic Control',United States,,UA,ORD
'Chad','Svendsen','Myanmar','07389 92493727',2215.58,'Gate Agent',Myanmar,,UB,PAU
'Liv','Tyler','United States','03334 19154548',2141.81,'Air Traffic Control',United States,,DL,THP
'Brian','Goodman','Madagascar','02383 87717723',2753.15,'Flight Attendant',United States,,TW,BOS
'Godfrey','Ellis','Madagascar','05237 53063635',1045.61,'Flight Attendant',United States,,DL,WDB
'Ryan','Dusick','Madagascar','0548 6109804',1077.28,'Airfield',Madagascar,,TZ,WAD
'Pat','Summerall','United States','06907 2849280',1062.91,'Flight Attendant',United States,,OO,DEN
'Johnny','Menyongar','Germany','06547 3687464',1494.75,'Flight Attendant',United States,,AA,DFW
'Charlie','Adams','United States','09310 38756393',1833.12,'Pilot',United States,03875639,AA,SEA
'Joanne','Ridley','Guyana','04703 45989905',2376.58,'Flight Attendant',United States,,AA,LGA
'Toshimitsu','Deyama','France','03726 77803821',1656.00,'Airfield',United States,,AX,LAX
'Matt','Ellison','United States','0302 74790694',1087.80,'Gate Agent',United States,,WN,NTJ
'Joe','Smith','United States','07054 93922359',2753.18,'Air Traffic Control',United States,,WN,LGA
'Mike','Caldwell','Germany','02131 76430742',1535.33,'Flight Attendant',United States,,DL,MIA
'Michael','Shanks','United States','08383 61655744',1381.63,'Pilot',United States,36165574,UA,LAX
'Bob','Uecker','Mali','08418 61599106',2425.12,'Pilot',Mali,86159910,SH,BKO
'Tony','Carey','Germany','03404 36682946',1648.69,'Flight Attendant',Germany,,ST,OHR
'Johanna','Westman','Turkey','0571 7766496',2503.80,'Air Traffic Control',United States,,RP,ATL
'Oliver','Berben','United States','02708 39445135',2732.30,'Flight Attendant',United States,,DL,DMO
'Douglas','Barr','United States','04227 95807832',2387.60,'Pilot',United States,79580783,AA,ATL
'Chris','Hermsen','United States','02272 46695394',2763.42,'Gate Agent',United States,,WN,MCO
'Bernard','Berrian','United States','06750 23035761',1023.44,'Pilot',United States,02303576,AA,BOK
'Aaron','Fenton','France','03151 47012937',1573.62,'Gate Agent',France,,UU,NCY
'Phyllis','Newman','Philippines','04963 48452435',1689.93,'Flight Attendant',Philippines,,PR,RZP
'Monika','Mrozowska','United States','03751 89428110',2928.80,'Air Traffic Control',United States,,EM,MSP
'Jared','Yates','Argentina','07117 47102146',1446.16,'Air Traffic Control',United States,,UA,KFP
'J. D.','Martinez','United States','04293 69225554',1114.36,'Flight Attendant',United States,,DL,CXL
'Alan','Willey','Cuba','08278 87288820',2166.50,'Airfield',United States,,DL,ORD
'Jermaine','Benoit','Colombia','09328 7547902',1135.36,'Airfield',United States,,WQ,LAX
'Pat','McQuistan','Puerto Rico','06391 84878895',2081.37,'Pilot',United States,18487889,WN,DFW
'Gena','Rowlands','Colombia','01416 46078705',2326.76,'Pilot',Colombia,64607870,QT,AZT
'Donnie','Caldwell','Puerto Rico','01697 86654920',1461.14,'Air Traffic Control',United States,,AA,SEA
'Michael','Waddell','United States','06673 39359536',1825.93,'Air Traffic Control',United States,,WN,EGE
'Reed','Diamond','Ukraine','0993 66130259',2535.42,'Airfield',Ukraine,,QU,KHU
'Demi','Moore','United States','05052 10049009',1750.64,'Airfield',United States,,UA,WWT
'Roger','McGuinn','Madagascar','08651 33680068',1440.46,'Pilot',United States,13368006,VX,GXY
'Danilo','Gallinari','Madagascar','08790 90706278',2606.95,'Gate Agent',United States,,AA,MCO
'Nikkolas','Lavorato','Madagascar','01179 33273485',2282.60,'Air Traffic Control',United States,,AN,ORD
'Michael','Cimino','Sri Lanka','03011 30848821',2278.97,'Pilot',United States,13084882,UH,BOS
'Alexis','Thorpe','United States','07596 47956148',1754.00,'Pilot',United States,64795614,HP,MLJ
'Robbie G.','Tomlin','Japan','02667 41633289',1824.35,'Airfield',Japan,,JW,UKY
'Gerd','Muller','Italy','0521 73981749',2873.71,'Flight Attendant',Italy,,BV,TAR
'Nicholas J.','Coleman','United States','03439 48873944',2172.46,'Pilot',United States,94887394,WN,LTH
'Michael','Imperioli','French Pacific Overseas Terr.','06878 23028683',1425.31,'Flight Attendant',French Pacific Overseas Terr.,,IY,ZIC
'Billy','Mumy','Bolivia','04157 79763238',1523.91,'Gate Agent',Bolivia,,WQ,SRE
"'Helio \""Paes\""'",'Pereira','Argentina','08552 13564579',1121.46,'Flight Attendant',United States,,AA,HST
'Brendan','Gleeson','Guyana','02991 40629558',1587.58,'Gate Agent',Guyana,,RV,BMJ
'James','Cannida','Canada','03421 17986830',1071.10,'Gate Agent',Canada,,JB,YSY
'Ron','Edwards','United States','05619 78965339',1064.50,'Pilot',United States,97896533,KO,SDX
'Rex','Mahony','United States','01618 71568153',1593.83,'Flight Attendant',United States,,UA,DLL
'Mary Beth','Evans','Brazil','06811 27873964',1693.32,'Airfield',Brazil,,JJ,OTT
'Faith','Nixon','Brazil','04526 69889612',2842.75,'Airfield',United States,,UA,MIA
'Daniela','Alvarado','Jordan','0983 88317355',2762.34,'Air Traffic Control',United States,,AA,DFW
'Wes','Wilson','Italy','0956 87199709',2902.79,'Pilot',United States,8719970,CB,IAH
'Gary','Wilson','Brazil','04087 73481778',1280.60,'Flight Attendant',United States,,DL,LBL
'Paul','Rudd','Brazil','09377 60457565',1208.13,'Flight Attendant',Brazil,,AD,MQH
'Laurent','Boulanger','Brazil','07608 58203996',1440.98,'Airfield',Brazil,,RL,SJP
'Mitch','Richmond','Israel','05123 18913982',1485.51,'Pilot',United States,31891398,UA,IAH
'Joe','Dillon','Romania','03481 70080415',1257.88,'Air Traffic Control',Romania,,RO,TCE
'Derek','Bell','Brazil','05591 34087767',1530.22,'Air Traffic Control',United States,,VX,LAS
'Grant','Shaud','Brazil','06313 60114381',1753.25,'Air Traffic Control',United States,,HA,LGA
'Nate','Cole','Brazil','04802 56644881',1540.80,'Airfield',United States,,TJ,BDE
'Michael','Hudin','Brazil','03924 36573602',1485.50,'Flight Attendant',United States,,AA,WBN
'Art','Garfunkel','Brazil','09253 13444591',2367.78,'Pilot',United States,31344459,WN,SEA
'Bryan','Save','Brazil','02805 58643950',1617.35,'Pilot',United States,55864395,YI,SFO
'Anthony','Newley','Iran','0291 75171921',1427.65,'Air Traffic Control',United States,,SY,LGA
'Nush','Nowak','Namibia','03140 94895531',2571.31,'Gate Agent',Namibia,,XN,VVZ
'Wolf','Hoffmann','United States','05629 39991857',1002.60,'Pilot',United States,93999185,MC,CGI
'Claudia','Neidig','United States','06566 4765380',1900.31,'Gate Agent',United States,,ZN,EWR
'Genevieve','Bujold','Brazil','07720 90361379',2093.53,'Gate Agent',United States,,DL,JFK
'Ole-Kristian','Tollefsen','Brazil','07573 46472850',1672.19,'Pilot',United States,34647285,KG,CLT
'Steve','Jones','Brazil','05322 4002512',1929.96,'Flight Attendant',United States,,AA,JGP
'Molly','Cheek','Saudi Arabia','03171 88426802',2614.47,'Gate Agent',Saudi Arabia,,SV,AHB
'John','Vitale','Colombia','03647 81849994',2317.42,'Air Traffic Control',Colombia,,QT,AZT
'A. J.','Lamas','Brazil','05393 80889461',2494.86,'Flight Attendant',Brazil,,AD,DIQ
'Herman','Rarebell','Brazil','05822 20739576',2539.62,'Gate Agent',United States,,UA,LAX
'Hans','Fromm','Australia','09606 60095700',1805.12,'Air Traffic Control',United States,,WN,IAH
'Jane','Brody','French Pacific Overseas Terr.','0248 56540110',2451.71,'Gate Agent',United States,,AA,LGA
'Paul','Blair','Brazil','04681 14073564',1335.42,'Flight Attendant',United States,,EZ,GRN
'Jason','Peters','Ethiopia','08745 46311138',1735.16,'Pilot',United States,54631113,WN,PHL
'Scot','James','Italy','05687 93800654',1245.91,'Flight Attendant',United States,,TW,EWR
'William','Floyd','France','04598 62682209',1039.97,'Air Traffic Control',France,,TN,LSO
'Anthony','Clement','Sweden','01587 93367079',2550.31,'Flight Attendant',United States,,WI,PHL
'Keith','Semple','France','09061 36578846',1099.21,'Gate Agent',United States,,DL,THV
'Kevin','Williamson','Canada','04763 19821118',2945.26,'Pilot',Canada,31982111,KW,YRD
'Cornelius','White','Canada','0461 66284112',1064.99,'Gate Agent',Canada,,FK,YHN
'Martin','Pedersen','Sweden','03407 51314463',2711.53,'Airfield',United States,,UA,DEN
'Walter','Orange','United States','04737 31135371',2941.28,'Air Traffic Control',United States,,EJ,LAS
'Erick','Zonca','United States','04181 89542823',1476.60,'Airfield',United States,,UA,DFW
'Jon','Michaels','United States','05226 2447819',1592.85,'Flight Attendant',United States,,WN,HBH
'Jorge','Sosa','United States','09740 66763204',1971.73,'Gate Agent',United States,,UA,LAX
'Mike','Johnson','Mexico','08054 38576908',2128.33,'Airfield',United States,,WN,BOS
'Keith','McDonald','United States','04199 31545337',1695.81,'Pilot',United States,93154533,DL,CLT
'Nadia Di','Cello','Australia','03678 23488075',1064.34,'Gate Agent',Australia,,FO,HOK
'Bruce','Wilson','Canada','05119 32617524',1685.42,'Pilot',United States,93261752,UA,SEA
'Kelly','Ripa','Argentina','06996 46561625',1374.00,'Airfield',Argentina,,WJ,SGV
'Robert','Towne','United States','0920 42377730',1689.44,'Pilot',United States,4237773,DL,BOS
'Bob','Haworth','Iran','04279 40974487',1542.24,'Gate Agent',United States,,DL,DAL
'Eric','Charron','United States','04183 9465429',2104.76,'Flight Attendant',United States,,WN,PHL
'Mark','Feehily','United States','0203 75145309',2098.21,'Airfield',United States,,AA,IAH
'Alberto','Castillo','United States','02768 91275757',2932.24,'Pilot',United States,89127575,UA,BOS
'Alexandre','Picard','New Zealand','09639 54694523',1837.66,'Airfield',New Zealand,,NZ,RAG
'Jay','North','Argentina','05876 54735197',1515.52,'Pilot',Argentina,65473519,AR,EPA
'Willie','Burton','Argentina','022 64573333',1259.87,'Pilot',United States,457333,UA,TUP
'Patty','Zomer','United States','02363 57238726',1292.87,'Gate Agent',United States,,DL,VRS
'Darren','Collison','Italy','01642 83956415',1212.73,'Gate Agent',United States,,AA,PRF
'Bobby','Chouinard','France','02605 71966985',1413.14,'Airfield',United States,,MQ,SVH
'Lance','Alworth','France','05362 91799909',1950.14,'Air Traffic Control',United States,,AA,BOS
'Jennifer','Runyon','United States','07963 35398823',2339.46,'Pilot',United States,33539882,UA,PHL
"'Nicola \""Faso\""'",'Fasani','United States','08710 44926379',2888.43,'Air Traffic Control',United States,,AA,REE
'Raul','Julia','Australia','06816 25443172',1824.70,'Gate Agent',United States,,BF,MIA
'Jerald','Jeffcoat','Burkina Faso','0969 3646686',1670.55,'Pilot',United States,364668,WN,MRI
'Simon','Bross','Greece','06197 34804225',1325.87,'Pilot',United States,73480422,AA,SDM
'Adam','Kamien','Botswana','07268 65586946',1152.62,'Flight Attendant',United States,,DL,MSP
'Gabe','Northern','United States','02422 8988416',2969.60,'Pilot',United States,2898841,AA,JFK
'Justin','Wayne','India','08346 24601886',1040.54,'Gate Agent',United States,,DL,BOS
'Alan','Cox','Sweden','02109 17068377',2055.78,'Gate Agent',Sweden,,SM,SFT
'Christina','Hendricks','United States','02744 58817792',2676.90,'Air Traffic Control',United States,,DL,EWR
'Lisa','Rieffel','United States','0401 30799645',2365.66,'Air Traffic Control',United States,,AX,NGF
'Billy','Owens','United States','09909 53103032',2848.75,'Pilot',United States,95310303,AX,MCO
'Forbes','March','United States','08863 22077746',2831.44,'Flight Attendant',United States,,WN,JFK
'Zack','Rix','United States','07170 22019194',1157.59,'Flight Attendant',United States,,AA,LAX
'Paul','Kersey','Germany','09925 40713667',2506.38,'Pilot',Germany,54071366,DI,GWT
'John','Seru','Burkina Faso','08730 2470601',1212.87,'Air Traffic Control',United States,,WN,WHT
'Andre','Braugher','Venezuela','09710 26131953',1468.15,'Flight Attendant',United States,,XJ,PHX
'Kurt','Birkins','Australia','02893 72911372',1988.16,'Flight Attendant',United States,,MX,BOS
'Isaac','Madison','Spain','06145 26951217',2561.76,'Pilot',United States,52695121,II,EWR
'Blake Anthony','Tibbetts','France','04195 66349472',1783.10,'Airfield',France,,PV,JDP
'Dorian','Boose','Canada','03634 47842246',2634.36,'Air Traffic Control',Canada,,WS,ZSW
'Sheldon','Brown','United States','09205 33896196',1624.93,'Gate Agent',United States,,CO,PHX
'Avery','John','France','0917 99620488',1157.45,'Air Traffic Control',United States,,II,MCO
'Lewis','Sanders','Denmark','07730 19540655',1373.25,'Gate Agent',United States,,UA,PUC
'Mark','Sweeney','Germany','03961 15830677',2686.71,'Airfield',United States,,AA,JFK
'Doris','King','United States','07278 12305982',2685.32,'Gate Agent',United States,,II,IAH
'Scott','Rolen','United States','07350 4817021',2839.75,'Pilot',United States,0481702,DL,JMH
'Sophie','Bujold','Greece','07161 35179431',2774.36,'Gate Agent',United States,,AA,MCO
'Alessandro','Nivola','United States','07494 81413314',1158.16,'Airfield',United States,,LF,DTW
'Devin','McCourty','United States','06391 49014141',2051.91,'Gate Agent',United States,,AA,SEA
'Nicole Ann','Cohen','United States','07025 53147057',1541.83,'Airfield',United States,,LW,LAX
'Francisco','Liriano','United States','01807 2030152',1832.56,'Flight Attendant',United States,,AA,EWR
'Serena','Viharo','Norway','01195 95564018',2944.21,'Air Traffic Control',Norway,,DH,BNN
'Ville','Leino','Madagascar','05762 95808087',1448.90,'Pilot',Madagascar,29580808,MD,BMD
'Sean','Dykes','Brazil','07807 17661833',1023.76,'Pilot',United States,71766183,EX,HAY
'Nicky','Byrne','Brazil','02734 67552763',2409.71,'Air Traffic Control',United States,,WN,SQL
'Roland','Gift','United States','08792 96661368',1563.78,'Pilot',United States,29666136,DL,SEA
'Jonathan','Fanene','United States','01975 54232793',1016.35,'Pilot',United States,55423279,DL,MCO
'David','Giordano','United States','02666 75200860',2245.68,'Pilot',United States,67520086,UA,GCY
'Chad','Brock','United States','06871 46769354',1516.81,'Airfield',United States,,VN,DTW
'Samantha','Harris','United States','0116 77762733',1611.25,'Pilot',United States,7776273,QJ,WCR
'Barry','Manilow','Bahamas','01862 76840260',1974.52,'Airfield',Bahamas,,UP,TYM
'Tracy','Tynan','Uruguay','07657 42715491',2013.76,'Airfield',United States,,AA,DFW
'Joel','Ward','France','04858 72501030',2480.82,'Flight Attendant',United States,,WN,ORD
'Barry','Sims','Chile','05219 74272117',2001.84,'Gate Agent',United States,,DL,BOS
'Erlend','Wilhelmsen','Venezuela','09486 60613434',1706.63,'Airfield',United States,,KS,SEA
'Rod','McSwain','Uganda','03214 25369306',1416.45,'Air Traffic Control',Uganda,,UR,KCU
'Kotaro','Tanaka','Brazil','03434 78137221',2558.90,'Airfield',United States,,DL,BOS
'Joakim','Noah','Tanzania','02147 97840021',2851.40,'Flight Attendant',United States,,AA,SEA
'Sigourney','Weaver','French Pacific Overseas Terr.','09824 48094531',1157.78,'Pilot',United States,44809453,UA,ORL
'Mike','Trombley','Sweden','07735 18774983',2622.49,'Gate Agent',Sweden,,DC,KSK
'Josh','Braaten','Sweden','05454 80980038',2483.66,'Airfield',United States,,DL,CLT
'Damien','Wilkins','Morocco','08872 59898344',2587.30,'Airfield',United States,,HA,EVM
'Richie','Baker','United Arab Emirates','06723 11593680',2804.76,'Pilot',United States,31159368,UA,DTW
'Danny','Ferry','Japan','03836 33838910',1007.72,'Pilot',Japan,63383891,NV,IWK
'Darius','Miles','Japan','09146 84433465',1903.98,'Flight Attendant',United States,,DL,MSP
'Paul','Davis','Bolivia','06566 33448733',1092.19,'Airfield',United States,,UA,LAX
'Sheldon','Jackson','Germany','09985 39601359',2906.91,'Airfield',Germany,,VL,AGE
'Francisco','Garcia','Nigeria','02931 16691597',1541.97,'Airfield',United States,,UA,DFW
'Bobby','Gillespie','New Zealand','08182 6566122',1946.66,'Flight Attendant',United States,,BF,HLN
'Les','Pattinson','United States','09766 45570438',1123.87,'Air Traffic Control',United States,,FP,PHX
'Steve','Everitt','United States','05742 69622360',1816.72,'Air Traffic Control',United States,,XP,SFO
'Brian Keith','Allen','Canada','07398 92282912',2397.82,'Pilot',United States,89228291,AA,FTY
'Michael','Bofshever','United States','0590 74156788',2208.20,'Airfield',United States,,OW,HOU
'Eric','Williams','Turkmenistan','06901 57510826',2385.37,'Pilot',Turkmenistan,15751082,MY,ASB
'Harry','Anderson','Japan','02944 80906245',1444.28,'Air Traffic Control',United States,,AA,PLK
'Carmine','Giovinazzo','United States','02460 98714252',2972.90,'Gate Agent',United States,,DL,CEX
'Justin','Currie','United States','01585 92504305',1488.19,'Air Traffic Control',United States,,AA,IAH
'Aubrey','Dollar','United States','0636 25482897',1518.93,'Pilot',United States,2548289,WN,ATL
'Tim','Rose','United States','02837 98216517',1452.95,'Air Traffic Control',United States,,QX,SEA
'Ed','Hayden','United States','05471 99384011',1924.68,'Pilot',United States,19938401,AA,DEN
'Jane','Elliot','United States','01974 64917962',1504.45,'Gate Agent',United States,,WN,LAS
'Barry','D','United States','07107 44670188',2252.40,'Flight Attendant',United States,,RW,CTY
'Bill','Stevenson','Eritrea','03231 87022734',1718.16,'Pilot',Eritrea,18702273,UE,TES
'Carol','Blazejowski','Ethiopia','06997 34184472',1292.99,'Gate Agent',United States,,AA,MSP
'Paul','Volodarsky','United States','01107 38808712',2081.47,'Airfield',United States,,VN,HSV
'Chris','Carter','France','04031 57351599',1915.90,'Airfield',United States,,DL,BOS
'Scott','Lane','Eritrea','03938 78903483',1670.50,'Air Traffic Control',Eritrea,,UE,ASA
'Bill','Berry','Djibouti','04125 79307336',2497.66,'Gate Agent',United States,,UA,ATT
'Kevin','MacLean','Canada','07022 20614029',2412.40,'Airfield',Canada,,WG,KES
'Bill','Parcells','Brazil','08069 9120656',2365.82,'Gate Agent',United States,,UA,LAX
'Natalie','Cassidy','Seychelles','08012 34468385',2229.25,'Air Traffic Control',Seychelles,,HM,DEI
'Jody','Adler','Kazakhstan','07261 5619106',1070.36,'Pilot',United States,1561910,AA,DEN
'David','Snowdon','United States','06665 96680828',2279.70,'Pilot',United States,59668082,EM,ATL
'Roberto','Soroko','Russia','04931 54826577',1675.20,'Air Traffic Control',United States,,XV,TLF
'Caroline','McWilliams','Spain','08653 68521809',1326.13,'Flight Attendant',United States,,UA,DTW
'Ruben','Nembhard','Greece','09094 84279509',1119.44,'Airfield',United States,,AA,JFK
'Andrea','Anders','Egypt','03416 5886434',1328.21,'Pilot',United States,6588643,UA,RST
'Darryl','McDaniels','Egypt','01803 92209903',2169.98,'Flight Attendant',Egypt,,FT,SKV
'Aaron','Cook','Ecuador','03778 70639467',2262.81,'Air Traffic Control',United States,,WN,DFW
'Andrew','Brunette','Peru','03596 4165832',2462.65,'Airfield',United States,,DL,BOS
'C. C.','Brown','Yemen','02718 47860925',2423.70,'Airfield',United States,,FP,SSI
'Mickey','Lopez','Mauritania','09739 5180078',2886.57,'Pilot',United States,9518007,UA,MSP
'Martine','McCutcheon','Turkey','02779 16055061',1037.32,'Air Traffic Control',United States,,VN,HIB
'Evan','MacLane','Sudan','01443 35292036',1727.91,'Pilot',United States,33529203,DL,FEP
'Andy','Hirondelle','Canada','07076 59441382',2480.40,'Pilot',United States,65944138,AA,AWM
'John','Wallace','United States','03590 79474196',1578.42,'Flight Attendant',United States,,LW,DTW
'Katrijn','Verlinden','United States','0434 71375433',1661.49,'Airfield',United States,,UA,LRJ
'Stedman','Graham','Chad','06695 7620616',2368.47,'Pilot',Chad,5762061,KY,FYT
'Jamie','Lundmark','Peru','05672 71430431',1038.63,'Gate Agent',United States,,DL,MCO
'Rodrigue','Beaubois','Canada','07351 50052141',1422.79,'Pilot',United States,15005214,WN,ATL
'Jon','Lester','Mexico','03980 94620616',1679.41,'Gate Agent',Mexico,,JR,LOV
'Daniel','Bess','Mexico','09930 35563711',1116.62,'Air Traffic Control',United States,,AA,BOS
'Andre','Davis','United States','05425 43810480',1086.25,'Pilot',United States,54381048,AA,NIR
'Willie','Davis','United States','06737 25058544',1589.21,'Flight Attendant',United States,,BK,AGS
'Willie','Gary','United States','03976 45999324',1425.73,'Gate Agent',United States,,DL,IAH
'Alan','Osmond','United States','01731 10719167',1776.80,'Pilot',United States,11071916,DL,SEA
'William J.','Hodgson','United States','07664 54560476',2567.41,'Flight Attendant',United States,,UA,TOR
'Richard','Woolf','United States','09559 29342378',1466.21,'Airfield',United States,,UA,SFO
'Troy','Rudolph','Germany','03881 12658040',1758.29,'Air Traffic Control',Germany,,DE,ZQW
'Duane','Allman','Canada','09519 30569872',2219.79,'Gate Agent',United States,,WN,CRG
'Sean','DePaula','United States','03124 2988326',1457.26,'Gate Agent',United States,,AA,AYS
'Paul','Winfield','United States','07515 22189079',2641.59,'Airfield',United States,,AA,KPN
'Leonard','Nelson','United States','04529 91225740',1070.98,'Airfield',United States,,EJ,JFK
'Noah','Palmer','Madagascar','05315 27741603',2560.31,'Airfield',Madagascar,,TZ,WMA
'Nobu','McCarthy','Japan','02807 99611596',1021.90,'Airfield',United States,,WN,PHX
'Kristen','Schutt','Canada','08034 17529783',1358.97,'Airfield',United States,,DL,MCO
'Carl-Johan','Bjork','Germany','08936 39702168',1616.75,'Pilot',United States,63970216,ZW,LAX
'Sam','Fox','Germany','03349 44609560',1480.53,'Air Traffic Control',Germany,,LH,EIB
'Alejandro Solar','Luna','Laos','03756 69267294',1587.37,'Pilot',Laos,66926729,QV,XIE
'John','Redman','Canada','02619 34347913',1528.74,'Pilot',United States,93434791,BB,ATL
'Barnaby','Marriott','United States','01331 88605502',1545.68,'Pilot',United States,18860550,HA,LAX
'London','Crawford','Kazakhstan','06390 4646503',2605.29,'Gate Agent',United States,,FX,SGW
'Alex Van','Dyke','France','02857 97321993',2600.45,'Airfield',United States,,WN,MRI
'Joshua','Cox','Congo','06361 10248988',1958.91,'Air Traffic Control',United States,,DL,MSP
'Kent','Davis','France','03365 19362633',1812.28,'Pilot',United States,51936263,RP,DFW
'Orlondo','Steinauer','United States','08723 22851145',1803.15,'Gate Agent',United States,,MQ,KPV
'Tom','Evans','United States','0876 20452102',2960.45,'Gate Agent',United States,,AA,MCO
'Earl','Bell','United States','05235 27613266',1007.30,'Airfield',United States,,UA,ATL
'Aaron','Palushaj','United States','04771 78557105',1498.59,'Flight Attendant',United States,,NK,MIA
"'Jon \""Bowzer\""'",'Bauman','New Zealand','04776 598510',1398.55,'Airfield',New Zealand,,NZ,KWU
'Patrick G.','Keenan','United Kingdom','0183 4967608',1082.14,'Pilot',United States,496760,AA,EWR
'Nina','Brosh','United States','0526 54299271',1981.85,'Gate Agent',United States,,KO,LAX
'Howard','Stern','Germany','02487 49370015',1902.93,'Pilot',Germany,74937001,CL,OBF
'Pamela','Tiffin','Germany','06557 11249880',2323.60,'Gate Agent',United States,,UA,MCO
'David','Benoit','Germany','01298 16184158',1027.84,'Flight Attendant',United States,,AA,PHX
'Jesse','Miller','United States','04481 93462632',1604.46,'Airfield',United States,,AA,JFK
'Felicia','Farr','United States','05522 75515768',2231.31,'Airfield',United States,,WN,MIA
'Miguel','Coyula','United States','03209 25940077',1961.67,'Air Traffic Control',United States,,UA,DFW
'Lindsay','Whalen','United States','02383 36956612',1179.95,'Pilot',United States,33695661,WC,LAS
'Atomu','Shimojo','Paraguay','04902 79695595',1751.60,'Airfield',United States,,MQ,LAS
'Aaron','Weiler','Brazil','07127 59606489',1668.59,'Gate Agent',United States,,WN,DFW
'Lauren','Williams','Panama','09852 36845637',1941.78,'Flight Attendant',Panama,,CM,PAC
'Scott','Shields','Solomon Is','08510 61942702',2876.45,'Air Traffic Control',United States,,MC,PHX
'Greta','Lind','Canada','08525 95781223',1168.58,'Gate Agent',United States,,DL,PHL
'Adrienne','Barbeau','India','06978 43916228',2314.90,'Gate Agent',United States,,WN,MCO
'Pavel','Patera','France','05455 24259224',1466.49,'Air Traffic Control',France,,ZD,VAF
'David','Prior','United States','04073 68060136',2362.24,'Flight Attendant',United States,,AA,CBM
'Megan','Leigh','United States','03394 62036321',2623.63,'Air Traffic Control',United States,,AA,SLG
'Cleotha','Staples','United States','01869 40993723',1589.75,'Air Traffic Control',United States,,WN,MSP
'Andrea','Parker','United States','08244 34074971',1591.71,'Airfield',United States,,AA,DFW
"'Fred \""Sonic\""'",'Smith','Australia','06600 55425171',2925.73,'Pilot',Australia,05542517,XM,OOR
'Joshua','Tunick','United States','06710 76843178',2268.57,'Air Traffic Control',United States,,DL,MSP
'Richard','Grieve','United States','01380 58373540',1761.22,'Flight Attendant',United States,,WN,RCR
'Darius','Brubeck','United States','01728 10452892',1063.10,'Air Traffic Control',United States,,AA,MCO
'Jason','Moss','United States','05707 46389125',1347.93,'Airfield',United States,,DL,MIA
'Hikaru','Midorikawa','Canada','05207 469106',1036.91,'Airfield',United States,,BB,WSD
'Lyle','Waggoner','United States','04281 46582659',1559.86,'Pilot',United States,14658265,DL,MIA
'Keir','Giles','Mexico','02451 10829473',2305.24,'Pilot',Mexico,11082947,AM,AZP
'Larry','Mathews','United States','03219 46914926',2764.87,'Air Traffic Control',United States,,UA,PHL
'Mike','Renna','France','08469 22288135',1771.33,'Air Traffic Control',United States,,DL,ORD
'Mike','Myers','Australia','04077 62869490',2775.60,'Air Traffic Control',Australia,,ZL,GYZ
'Chris','Phillips','Madagascar','03926 41049708',1788.49,'Pilot',Madagascar,64104970,MD,MNJ
'Choo','Freeman','Madagascar','05152 79183892',1996.85,'Air Traffic Control',United States,,EM,PHX
'Cameron','Diaz','Brazil','01576 24074010',1847.84,'Airfield',United States,,UA,LAS
'Steve Van','Zandt','Cook Is','08987 99604685',1136.35,'Airfield',United States,,UA,SFO
'Tony','Kimbrough','United States','05844 2712681',1971.20,'Air Traffic Control',United States,,DL,CLT
'Sonny','Koliwad','United States','02906 66087682',1230.75,'Gate Agent',United States,,AA,WLM
'Linh-Han','Nguyen','United States','07893 46327713',1864.75,'Flight Attendant',United States,,WN,DEN
'John','Norum','United States','05188 78926845',2768.34,'Airfield',United States,,WN,EWR
'Kevin','Allen','Argentina','03260 6390009',2821.67,'Air Traffic Control',Argentina,,DN,MDX
'Nathan','Foley','Italy','05728 45601124',1697.79,'Pilot',United States,84560112,UA,WSH
'Terry','Jones','United States','07307 22733887',1856.30,'Flight Attendant',United States,,HA,MCO
'Jami','Oats','France','08186 58667521',1990.53,'Pilot',United States,65866752,AA,MKL
'Emily Arnold','McCully','France','06350 71575026',2112.90,'Airfield',United States,,AA,DEN
'Brandon','Fowler','Guyana','08197 71376225',1230.33,'Flight Attendant',United States,,AX,LVL
'Javier','Farina','Ethiopia','09398 96610897',1358.25,'Air Traffic Control',United States,,CH,SEA
'Julia','Rhoton','Sudan','07412 77690993',2741.80,'Air Traffic Control',Sudan,,SD,EBD
'Federico','Molinari','Ethiopia','05006 30319331',1862.10,'Flight Attendant',United States,,DL,CLT
'Chris','Dalman','Australia','02437 80086204',1712.12,'Pilot',United States,78008620,UA,PHL
'Kristen','Mahon','France','03961 9632948',2770.23,'Pilot',France,1963294,XK,CQF
'Reginald','VelJohnson','Ethiopia','06104 96507508',1229.34,'Air Traffic Control',United States,,UA,MCF
'Samia','Ghadie','United States','09969 35475159',1418.34,'Airfield',United States,,WN,PBG
'Imelda','Marcos','Argentina','08267 25395057',1891.45,'Airfield',United States,,DL,JFK
'J. Madison','Wright','United States','03503 12639875',1172.58,'Pilot',United States,31263987,AA,DEN
'Steve','Montador','Micronesia','01902 95524559',2259.00,'Pilot',United States,29552455,UA,DFW
'Chris','Kunitz','Poland','08214 60535512',2369.92,'Pilot',United States,46053551,AS,SFO
'John','Zarchen','Poland','01822 76344048',1691.39,'Flight Attendant',Poland,,LO,KTW
'Yanic','Perreault','Indonesia','07553 27705347',1028.56,'Flight Attendant',Indonesia,,IO,KCI
'Ben','Petrick','Brazil','08331 48504202',2324.19,'Flight Attendant',United States,,DL,IAH
'Bryant','Shaw','Brazil','04660 80421772',1913.61,'Flight Attendant',Brazil,,RL,NVP
'Lee','Remick','Romania','08368 57782009',1440.89,'Gate Agent',Romania,,RO,CLJ
'Nicholas','Hytner','Venezuela','02943 86495601',1135.53,'Airfield',United States,,AA,PHX
'Martie','Maguire','Nigeria','07925 29757429',1618.90,'Air Traffic Control',Nigeria,,SO,GMO
'Andrew','Economos','Sweden','03717 74180433',2525.93,'Air Traffic Control',United States,,UA,WST
'Tom','Arnold','Germany','04557 30892893',1416.89,'Flight Attendant',Germany,,XG,FNB
'Selma','Blair','United States','06947 19913997',1185.62,'Air Traffic Control',United States,,WN,MCO
'Dennis','Dembia','Ethiopia','08413 77826999',2777.76,'Gate Agent',United States,,WN,GFB
'Jamel','Thomas','Philippines','03068 7221285',1097.87,'Pilot',Philippines,8722128,GX,XSO
'Jimmy','Chamberlin','United States','06623 24331960',1854.79,'Air Traffic Control',United States,,AA,DEN
'Bobby','Bare','Germany','05756 20567374',1356.21,'Gate Agent',Germany,,CL,FEL
'Martyn','Ware','Germany','07008 69571365',2089.84,'Flight Attendant',United States,,LF,BAR
'Jim','Bishop','Germany','09040 23835690',1481.25,'Airfield',Germany,,HF,DTM
'Brady','Bryant','Germany','02876 33678104',2350.15,'Airfield',United States,,WN,DEN
'Todd','Kolker','Germany','0401 62731987',1320.72,'Gate Agent',Germany,,XG,MGL
'Rene','Farrait','Germany','08516 37907325',1931.37,'Gate Agent',United States,,UA,SEA
'Khalil','Greene','Germany','02290 97340119',2818.57,'Airfield',United States,,WQ,KMO
'Ingo','Schmoll','Germany','01191 35346079',1160.54,'Flight Attendant',United States,,ZW,LAS
'Steve','Kline','Germany','08983 39521326',1687.17,'Air Traffic Control',United States,,WN,NME
'Jeff','Branson','Germany','06182 27137249',1625.50,'Gate Agent',United States,,WN,DFW
'Jacque','Jones','Switzerland','0320 37121187',2690.97,'Air Traffic Control',United States,,YX,BOS
'Angela','Davis','Germany','01794 10729366',1498.91,'Airfield',United States,,WN,EMB
'Paula','Irvine','Germany','0604 41203125',1260.68,'Gate Agent',Germany,,ST,HEI
'Paulo','Nagamura','Germany','06443 68776197',1461.72,'Flight Attendant',United States,,AA,ATL
'Denis','Arkhipov','Germany','05307 39143758',1417.53,'Gate Agent',Germany,,HE,WBG
'Juan','Salas','Guinea Rep','09779 4785923',1789.70,'Airfield',United States,,DL,DEN
'Arianne','Zucker','United States','07233 22520950',2239.61,'Airfield',United States,,AN,CVN
'Michael','Wargo','United Kingdom','07 77825690',2449.24,'Flight Attendant',United Kingdom,,BA,LGW
'Billy','Gustin','Iran','048 84545093',2384.22,'Air Traffic Control',Iran,,EP,ZBR
'Nan','Grey','Australia','03960 89463419',2253.70,'Pilot',United States,08946341,DL,DEN
'June','Blair','Cameroon','07568 45712527',1355.36,'Flight Attendant',United States,,DL,BLV
'Ikko','Kawai','Mali','08342 94072561',1466.33,'Airfield',United States,,WN,LAS
'Meagan','Lopez','Cameroon','09935 52711220',1668.10,'Flight Attendant',United States,,AA,PHL
'Mary','Murphy','Liberia','08678 35899014',2497.86,'Pilot',Liberia,83589901,TQ,SAZ
'Lou','Merloni','Philippines','0688 9134956',2430.46,'Airfield',Philippines,,PR,BAG
'Orshawante','Bryant','Myanmar','05862 97975119',2713.12,'Gate Agent',United States,,DL,MCO
'Tobias','Bergman','United States','04055 20320728',2683.10,'Air Traffic Control',United States,,DL,LBB
'Jody','Conradt','India','06722 82076904',2558.94,'Airfield',United States,,DL,MSP
'Marvin','Gaye','United States','01271 10169568',1456.93,'Gate Agent',United States,,MG,LAS
'Greg','Spann','Nepal','08386 66405137',1648.27,'Airfield',Nepal,,YT,FEB
'Martina','Navratilova','France','0216 11309158',2210.85,'Airfield',United States,,DL,MIA
'Keith','Bogans','Cameroon','08922 40446158',1169.72,'Pilot',United States,24044615,DL,LGA
'Daniel','Bazuin','Canada','08116 27506703',1321.30,'Airfield',United States,,DL,DTW
'Jim','Martin','Philippines','02699 15737947',2578.18,'Gate Agent',United States,,DL,SPZ
'Willie','Ruff','Pakistan','02285 72763289',1109.28,'Air Traffic Control',United States,,WN,MIA
'Leon','Browne','Mexico','05923 48200324',1873.61,'Flight Attendant',United States,,DL,LGA
'William','Kania','Mexico','09904 51480039',1615.17,'Pilot',United States,45148003,AA,LAX
'Jan','Hooks','Mexico','06995 10658139',1827.84,'Flight Attendant',United States,,AA,MHN
'Gladys','Knight','Mexico','04526 82112213',1187.44,'Airfield',United States,,AA,CON
'Michael','Peterson','Mexico','04004 56120482',1119.86,'Airfield',Mexico,,YQ,ISJ
'Anthony','Hutch','Paraguay','05339 18149078',1570.36,'Airfield',United States,,DL,MIA
'Viacheslav','Butsayev','Mexico','02464 98274431',1776.19,'Pilot',United States,49827443,UA,PLK
'Curtis','Jeter','Ethiopia','03328 71782917',1609.42,'Gate Agent',United States,,AA,CLT
'Jeff','Feagles','Bahrain','04394 66910267',1597.37,'Gate Agent',Bahrain,,ES,BAH
'Corey','Johnson','Brazil','03955 28653942',1857.29,'Gate Agent',Brazil,,AD,IGU
'Shannon Marie','Woodward','Canada','02640 17541439',1911.28,'Airfield',United States,,UA,DTW
'Ashley','Benson','United States','06834 71609818',1613.81,'Flight Attendant',United States,,GV,ATL
'Skip','Seagraves','France','07519 11146345',1441.94,'Airfield',France,,ZI,BOU
'Dominic','Monaghan','Guadeloupe','01939 27882268',1879.62,'Flight Attendant',United States,,FX,MOX
'Alisa','Frejndlikh','Bahamas','03453 93281134',1732.34,'Pilot',United States,39328113,WN,MCO
'Rikki','Rockett','France','06293 69082843',1008.97,'Pilot',United States,36908284,WN,JFK
'Doug','Brown','Australia','06602 44999823',2564.35,'Gate Agent',Australia,,ZL,LYT
'Keith','Miller','China','04143 92932004',1657.20,'Gate Agent',United States,,WN,YNG
'Billy','Cobham','Nepal','01287 5410803',1416.28,'Airfield',Nepal,,YT,RUM
'Tad','Kinchla','Brazil','01692 4184158',2990.13,'Air Traffic Control',Brazil,,WH,UBA
'Ted','Donato','China','07267 84607879',2068.30,'Pilot',China,78460787,PN,HSF
'J. Cindy','Hill','Nepal','01217 83675700',1392.53,'Airfield',United States,,OH,PQS
'Donald Mark','Spencer','Nepal','02369 28383465',1845.80,'Airfield',United States,,EV,PHL
'Jonny','Steele','Senegal','09947 43664279',1525.46,'Airfield',Senegal,,HC,NIK
'Bridget','Neill','United States','06565 68809234',2380.57,'Pilot',United States,56880923,AA,EWR
'Greg','Randall','Canada','09220 12180357',1496.76,'Gate Agent',Canada,,BZ,YGM
'Andy','Kelly','United States','01521 28765442',1002.37,'Pilot',United States,12876544,DL,FEW
'A. J.','Discala','United States','09908 20357028',2577.17,'Flight Attendant',United States,,PA,LGA
'Prudence','Farrow','United States','08175 35996745',1949.40,'Air Traffic Control',United States,,CB,HTH
'Daniela','Barbosa','United States','07302 99304985',1840.26,'Air Traffic Control',United States,,AA,CLT
'Craig','Counsell','United States','08056 68112524',1434.59,'Air Traffic Control',United States,,UA,KPV
'Cory','Alexander','United States','07585 78687167',1681.00,'Air Traffic Control',United States,,DL,MCO
'Victoria','Tennant','Central African Rep','05479 89244085',1038.71,'Airfield',United States,,DL,MCO
'Tom','Berenger','Russia','05222 73709774',1595.51,'Airfield',United States,,AA,CDS
'Bobby','Knight','Hungary','09555 35278220',2972.40,'Airfield',United States,,VN,GRN
'Danielle','Hanratty','Argentina','01056 64759808',1120.99,'Pilot',United States,66475980,WI,FCA
'Alexis','Kasperavicius','United States','04519 47989097',2528.23,'Airfield',United States,,AA,IAH
'Dah-ve','Chodan','United Kingdom','05181 49709229',1960.55,'Gate Agent',United States,,UA,CLT
'Jen','Schefft','United States','04222 61404904',2495.48,'Gate Agent',United States,,UA,DFW
'Tarah','Burke','United States','0728 37615863',2764.15,'Airfield',United States,,AA,MIA
'Carl','Weathers','Belgium','02316 34002919',1061.63,'Gate Agent',Belgium,,XS,ANR
'Scott','Weinger','Philippines','0274 23817659',1283.57,'Gate Agent',United States,,DL,ATL
'Anik','Bissonnette','France','09504 90303263',1834.32,'Gate Agent',United States,,AA,VKW
'Griffin','Hamill','Australia','08761 1827005',2305.88,'Pilot',United States,1182700,UA,PHL
'Lucy','Liu','Indonesia','05859 2116404',1289.84,'Airfield',United States,,MW,BCC
'Rebecca','Budig','Cameroon','07744 55871621',2745.50,'Flight Attendant',United States,,DL,DTW
'Takako','Tokiwa','Turkey','02288 37489874',1956.93,'Flight Attendant',Turkey,,TI,SSX
'Gabe','Gross','Papua New Guinea','03022 39603623',2117.73,'Air Traffic Control',Papua New Guinea,,CG,SWR
'Tiffani','Thiessen','Kazakhstan','07231 69400014',1622.50,'Air Traffic Control',Kazakhstan,,HZ,KOV
'Wade','Richey','Solomon Is','06828 45916275',2772.90,'Gate Agent',United States,,DL,PAH
'Jessica','Barker','Australia','09260 43822122',2069.17,'Flight Attendant',United States,,WN,DFW
'Ryan','Ready','Germany','07337 8081820',2364.42,'Airfield',United States,,AA,GRK
'Elroy','Harris','Australia','04671 20740711',2301.55,'Flight Attendant',United States,,AA,IAH
'DeeAndre','Hulett','Australia','06965 83084492',1440.73,'Gate Agent',Australia,,TT,CUD
'Rufus','Bess','Chile','08276 52322080',1654.89,'Flight Attendant',Chile,,LU,CPO
'Carla','Gugino','Australia','06508 43113145',2479.44,'Gate Agent',Australia,,VA,JAD
'Katsumi','Honda','Brazil','09550 97037452',2213.35,'Flight Attendant',United States,,AA,MIA
'Marina Giulia','Cavalli','Moldova','04439 22995534',1736.81,'Air Traffic Control',Moldova,,TQ,RMO
'Virginia','McKenna','United States','01509 67697389',1074.33,'Air Traffic Control',United States,,LW,ORD
'Harold','Smith','Iran','02867 44548643',1236.47,'Gate Agent',United States,,UA,LGA
'John','Rheinecker','Central African Rep','01646 87394873',1436.29,'Pilot',United States,68739487,UA,MCO
'Justin','Peroff','Germany','08843 68248461',1163.37,'Flight Attendant',United States,,WN,PHX
'Paul','Bettany','United States','06875 31052761',2173.48,'Airfield',United States,,LF,GDV
'Devin','Aromashodu','Congo','04173 87061830',1828.91,'Pilot',United States,38706183,DL,LGA
'Ronald','Isley','Central African Rep','09053 76910039',2178.89,'Flight Attendant',United States,,CS,LGA
'Lauryn','Hill','Cameroon','01175 82330058',1927.85,'Air Traffic Control',United States,,BF,DEN
'Samarth','Narain','Sweden','08418 36777241',1023.14,'Flight Attendant',Sweden,,RZ,LPI
'Clarke','Wilm','Afghanistan','08608 99002267',2094.50,'Gate Agent',United States,,AA,JST
'Garrett','Atkins','Australia','07996 81265935',1579.79,'Flight Attendant',Australia,,ZL,BEE
'Quincy','Lewis','Laos','03919 46110263',1168.56,'Pilot',Laos,94611026,QV,LPQ
'Justin','Love','Norway','02643 95217888',1975.59,'Gate Agent',United States,,UA,PHL
'Pavel','Kubina','United States','07034 82579496',1025.25,'Airfield',United States,,EV,BOS
'Julie','Condra','Iran','02562 74185841',1703.41,'Airfield',Iran,,EP,JWN
'Todd','Rundgren','Iran','07160 45347931',1138.64,'Gate Agent',United States,,AA,MSP
'Earl','Campbell','Sri Lanka','03465 46924027',1301.55,'Flight Attendant',Sri Lanka,,MJ,THW
'Judy','Norton-Taylor','Brazil','03186 78952118',1472.77,'Airfield',United States,,AA,LGA
'James','Eatock','United States','06380 53205021',1268.77,'Airfield',United States,,WN,JFK
'Kathleen','Sullivan','United States','05862 50219089',1845.74,'Air Traffic Control',United States,,DL,JFK
'Elaine','May','Mali','04134 1242243',2647.17,'Airfield',Mali,,EC,SZU
'Tani Taylor','Powers','Turkey','0647 8614192',1686.61,'Flight Attendant',Turkey,,YB,GKD
'Koren','Robinson','United States','03560 80582895',1218.17,'Flight Attendant',United States,,WQ,ATL
'Eija','Saartamo','United States','01331 44496396',1978.77,'Pilot',United States,14449639,AA,LBL
'Troy','Dumas','Congo','0303 43538610',2620.50,'Airfield',United States,,PA,DTW
'Nicko','McBrain','Romania','07988 26767782',1987.14,'Pilot',Romania,82676778,RO,TCE
'Talley','Griffith','Burkina Faso','036 31381454',2178.20,'Airfield',United States,,DL,CEY
'Tyrone','Brown','Thailand','02146 16381044',2497.55,'Pilot',United States,61638104,DL,JFK
'Josh','Hammond','Congo','04860 66396179',1852.75,'Airfield',Congo,,VQ,KNJ
'Megan','Mahoney','India','05226 69395184',2721.27,'Gate Agent',India,,IC,VNS
'Nick','Bierbrodt','Congo','05177 1657382',2027.54,'Airfield',Congo,,FC,DIS
'Mike','Scarborough','Central African Rep','05499 5679445',2035.76,'Pilot',Central African Rep,9567944,RI,YHT
'Lucy','Hale','Thailand','03605 34442717',2419.72,'Air Traffic Control',United States,,EV,DFI
'Mika','Mifune','Congo','06573 45406993',1651.90,'Pilot',United States,34540699,ZW,IKO
'Per','Wiberg','United States','04657 99673192',2598.61,'Flight Attendant',United States,,EJ,MIA
'Eric','Cammack','Philippines','08374 53787477',1504.64,'Gate Agent',United States,,DL,CGE
'Wayne','Gomes','Malawi','04647 70036095',2195.71,'Flight Attendant',United States,,DL,SFO
'Travis','Tritt','Bosnia And Herzegovina','03238 4742621',1175.80,'Gate Agent',United States,,WN,DTW
'Litterial','Green','Gambia','08018 18725569',2577.87,'Air Traffic Control',Gambia,,GC,IUM
'Dave','Pettersen','Australia','0999 26916990',2389.35,'Pilot',United States,2691699,AA,CLT
'Steve','Clarke','Myanmar','018 73745508',1197.92,'Airfield',United States,,WN,SEA
'Katarzyna','Paskuda','United States','06682 56366893',1253.32,'Pilot',United States,25636689,DL,CLT
'Larry','Foote','Pakistan','04669 93409093',1046.78,'Airfield',United States,,AA,KYK
'Rosie','Perez','Ireland','05239 85022882',2592.97,'Air Traffic Control',United States,,KO,SFO
'Alexander','Enberg','Cameroon','02769 83142784',1835.47,'Airfield',United States,,AA,DFW
'Alla','Korot','China','03854 77713842',1548.17,'Airfield',United States,,YV,DTW
'Dominic','Sandoval','Canada','08762 44311839',1906.99,'Flight Attendant',United States,,UA,SFO
'Wandy','Rodriguez','United States','01448 3693525',1279.46,'Gate Agent',United States,,AA,ORD
'Miguel','Tejada','Colombia','01394 6700250',1147.84,'Gate Agent',United States,,AA,LAX
'Aynsley','Dunbar','Spain','05208 59779653',1283.92,'Airfield',United States,,DQ,CLT
'Charles','Shyer','Guinea Rep','03396 14640745',1062.98,'Gate Agent',United States,,DL,PHL
'Major','Harris','India','08791 4521590',2643.43,'Airfield',United States,,UA,PHL
'Stephen','Morris','Brazil','02295 788148',1665.45,'Airfield',Brazil,,JJ,VIA
'Vonnie','Holliday','Mali','09241 93318614',1848.71,'Flight Attendant',United States,,WN,ATL
'Nelson','Ryland','United States','03228 45337819',2127.41,'Air Traffic Control',United States,,AA,ONN
'Lisa','Akey','France','01322 31275951',2785.40,'Air Traffic Control',United States,,SY,PHX
'Joe','Douglass','Australia','03741 91986963',1782.70,'Gate Agent',United States,,AA,EWR
'Donny','Kelis','Brazil','09053 97650809',1790.75,'Pilot',Brazil,39765080,RL,HUW
'Earnest','Adams','Norway','03831 1833585',2975.69,'Pilot',Norway,1183358,DY,LKL
'Chris','Brien','India','08052 70815220',1426.30,'Airfield',India,,IX,RUP
'Imran','Khan','Kenya','04169 62522188',1324.62,'Flight Attendant',Kenya,,KQ,GAS
'Jamin','Elliott','Venezuela','09377 12709995',2330.20,'Airfield',United States,,DL,DEN
'Scott','Lachance','Malaysia','05820 50174077',2361.86,'Air Traffic Control',Malaysia,,MH,SGG
'Morgan','Fairchild','Brazil','05773 21217801',2900.23,'Flight Attendant',Brazil,,WH,XAP
'Ashlee','Gillespie','Bangladesh','01771 85472989',1855.71,'Pilot',United States,18547298,VN,SKF
'Mark','Famiglietti','Sweden','05155 71192600',2150.44,'Pilot',United States,57119260,CO,MZZ
'Ken','Sanders','Canada','06849 20560899',1154.93,'Flight Attendant',United States,,HB,IAH
'Kip','Winger','Canada','02983 2587257',1577.82,'Pilot',United States,3258725,HB,LAS
'Margaret Sophie','Stein','United States','04173 14352227',1929.10,'Gate Agent',United States,,DL,MCO
'Ryan','Kesler','United States','04537 57714591',1396.62,'Pilot',United States,75771459,DL,MCO
'Alex','Romero','United Kingdom','011 89792411',2160.73,'Pilot',United States,979241,WN,DTW
'Richard','Jeni','Russia','04348 93900894',1488.28,'Airfield',Russia,,VI,KVX
'Todd','Fuller','United States','03863 77324274',2825.85,'Airfield',United States,,ZW,BNA
'Jon','Seda','United States','02125 38667614',1293.60,'Flight Attendant',United States,,DL,IAH
'Jen','Ledger','United States','04623 51370087',2147.77,'Air Traffic Control',United States,,WN,BOS
'Spencer','Neal','United States','07008 39599135',2156.27,'Airfield',United States,,DL,SEA
'Josh','Hamilton','United States','08109 54248242',1649.25,'Gate Agent',United States,,AA,BOS
'George','Massey','United States','07357 64761218',1927.43,'Pilot',United States,76476121,WN,LAX
'Troy','Aikman','Venezuela','03293 42872541',1775.98,'Air Traffic Control',Venezuela,,QL,SOM
'Trey','Anastasio','Costa Rica','03188 24618824',1380.69,'Pilot',United States,82461882,UA,BID
'Eric','Lamaze','Brazil','0437 77895940',1255.34,'Air Traffic Control',Brazil,,JJ,QDV
'Isaiah','Kacyvenski','Brazil','02681 8062370',1437.35,'Gate Agent',Brazil,,RG,CAC
'Kevin','Gogan','United Kingdom','02955 8845107',1001.60,'Flight Attendant',United States,,LF,LAX
'Jahi','Henley','Brazil','04079 38652795',1089.33,'Gate Agent',Brazil,,RG,UNA
'Henri','Childs','Brazil','05367 86827661',1682.81,'Flight Attendant',United States,,WN,IAB
'Troy','Beckwith','Colombia','04900 14942736',1172.50,'Airfield',United States,,DL,BNO
'John','Waters','Brazil','07585 39043990',1123.34,'Air Traffic Control',United States,,UA,PHX
'Matt','Higgins','Brazil','07783 7110187',1790.95,'Airfield',United States,,WN,TUP
'Cliff','Russell','Canada','06788 21928542',2915.00,'Pilot',United States,82192854,UA,DFW
'Kate','Mulgrew','Canada','05829 47043434',1280.46,'Gate Agent',Canada,,MB,YER
'Ricardo','Garcia','Chile','09275 79213896',1087.75,'Pilot',Chile,57921389,IP,PMC
'Ian Anthony','Dale','United States','07853 11030058',2134.27,'Airfield',United States,,DL,DRU
'Casey','Rogowski','United States','06660 82675970',1761.43,'Pilot',United States,08267597,UA,SEA
'Brendan','McFadden','Australia','05907 65291064',1261.79,'Pilot',United States,76529106,AX,ATL
'Luciano','Ligabue','Germany','01420 66879157',2121.15,'Gate Agent',Germany,,HR,HGL
'Dan','Capecci','United States','09523 70977401',1951.78,'Flight Attendant',United States,,UA,SEA
'Geoff','Bender','United States','05540 98662353',2978.59,'Air Traffic Control',United States,,GV,TRL
'George','Brown','France','05178 56395265',1037.26,'Flight Attendant',United States,,WN,MCO
'Bobby','Boswell','United States','05753 1423488',1907.70,'Flight Attendant',United States,,KP,BOS
'Kendrell','Bell','Germany','03792 12887244',1907.50,'Air Traffic Control',Germany,,LH,MHG
'Geike','Arnaert','United States','03076 50649270',1067.62,'Air Traffic Control',United States,,AA,SEA
'Justin','Shenkarow','Brazil','04654 15987558',1113.32,'Flight Attendant',United States,,UA,SEA
'Ray','Willis','United Kingdom','02355 48757996',1546.59,'Flight Attendant',United Kingdom,,ZT,SYY
'Mike','Kessler','United States','01680 47174211',1357.46,'Gate Agent',United States,,WN,MIA
'Muff','Winwood','Mongolia','03998 73971433',2869.39,'Air Traffic Control',United States,,HA,TWD
'Nicci','Faires','United States','05544 39459727',1309.33,'Pilot',United States,43945972,DL,CLT
'Justin','Chon','Philippines','09413 71451000',1050.75,'Gate Agent',United States,,ST,BOS
'Nathan','Walters','Argentina','09714 65626961',2174.35,'Flight Attendant',United States,,WN,PDB
'Jerome','Williams','Congo','02238 74199374',1869.30,'Flight Attendant',Congo,,NX,MKJ
'Calvin','Schexnayder','Philippines','05865 48547490',1952.47,'Gate Agent',Philippines,,DG,SFS
'Brent','Seabrook','Brazil','09804 31905595',1260.67,'Gate Agent',United States,,RP,ELD
'Hamchetou','Maiga','Antarctica (Arg)','02058 20583943',1383.60,'Airfield',Antarctica (Arg),,HF,VLP
'Cory','Schlesinger','Congo','0258 71862037',1943.41,'Pilot',United States,7186203,AA,BOS
'Peter','Park','Canada','02187 57089183',1466.51,'Airfield',United States,,DL,LGA
'Luca','Cunti','United States','08767 68357401',1374.60,'Airfield',United States,,NK,ATL
'Mark','Saul','United States','04884 51789955',2925.66,'Air Traffic Control',United States,,UA,JFK
'Paul','Thompson','France','04609 38063073',1204.10,'Flight Attendant',France,,PJ,SCP
'Brett','Branan','Iraq','01693 67355844',1859.38,'Flight Attendant',Iraq,,IA,BSR
'David','Bell','United States','08553 77658967',1265.27,'Gate Agent',United States,,EM,KQA
'Donal','Donnelly','Canada','04825 67568399',1310.69,'Gate Agent',United States,,AA,PHL
'Jim','McBride','Syria','01673 28727170',1506.75,'Airfield',Syria,,RB,DEZ
'John','Thomson','France','06772 563501',1832.11,'Flight Attendant',United States,,EJ,PHL
'Rick','Berry','Argentina','0971 93266188',2573.10,'Airfield',United States,,CN,IAH
'Marisa','Tomei','Central African Rep','09078 71225426',1499.45,'Pilot',United States,87122542,AA,JFK
'Dalma','Ivanyi','Brazil','05422 63265886',2330.51,'Airfield',United States,,UA,ATL
'Kelly','Bishop','United States','07329 73338442',1780.74,'Flight Attendant',United States,,EZ,PHO
'Justin','Verlander','Australia','04753 33442305',2851.51,'Pilot',Australia,33344230,FO,LHG
'Kevin','Curtis','Canada','08638 58547342',2165.60,'Flight Attendant',United States,,HA,BOS
'Dewayne','Robertson','Australia','01300 3292309',1472.59,'Flight Attendant',United States,,AA,MIA
'Johnny','Fay','Turkey','06674 70648690',1487.69,'Flight Attendant',United States,,CB,BYS
'Scott','Aldred','United States','04704 67369242',1010.92,'Air Traffic Control',United States,,DL,DFW
'Shaun','Hill','Cameroon','02362 31032434',1814.25,'Airfield',United States,,DL,JXN
'Jenna','Morasca','Norway','06412 74636262',1377.53,'Pilot',Norway,27463626,WF,HAU
'Brandi-Alisa','Bates','Cambodia','05650 35808764',1837.80,'Pilot',United States,03580876,WN,DRE
'Sylvia Agnes','Muc','United States','08327 90856370',1519.45,'Pilot',United States,79085637,DL,PHD
'Tino','Cucca','Sri Lanka','0758 34045713',2323.49,'Flight Attendant',United States,,WN,SFO
'Claydes','Smith','United States','07034 1163697',1476.30,'Gate Agent',United States,,WN,CLT
'Chad','Lavalais','Congo','0467 23333474',1147.33,'Gate Agent',United States,,AA,ORD
'Jim','Fielder','Congo','0108 43731345',1509.52,'Pilot',Congo,4373134,EU,SIB
'Vladislav','Tretiak','United States','09789 61102156',1356.10,'Gate Agent',United States,,DL,EWR
'Billy','Gilman','Nigeria','05069 90052123',2185.59,'Air Traffic Control',Nigeria,,OJ,PHC
'Tony','Berti','Nigeria','05706 39321029',2324.90,'Flight Attendant',United States,,AA,HNX
'Craig','Robinson','United States','01133 34524435',1500.53,'Gate Agent',United States,,AA,IAH
'Craig','Billington','Vanuatu','03653 65622008',1578.34,'Air Traffic Control',United States,,UA,ABR
'Warrick','Holdman','Germany','02945 46194860',1486.76,'Pilot',Germany,54619486,EA,OBF
'Ben','Sankey','Brazil','05958 92893406',1034.42,'Flight Attendant',United States,,DL,DEN
'Mike','Miller','Germany','09014 6145823',1287.19,'Pilot',Germany,4614582,DI,WIE
'Glenn','Parker','United States','04333 66586998',2138.96,'Air Traffic Control',United States,,YI,SNY
'Bryan','Rekar','United States','02595 76395035',2055.53,'Airfield',United States,,DL,CFA
'Mike','Nugent','United States','0946 44188925',1799.40,'Gate Agent',United States,,WN,LAX
'Scott','Wells','United States','02385 30136538',1697.94,'Airfield',United States,,KG,ORD
'Mikael','Renberg','Canada','08483 84280049',1058.26,'Pilot',United States,38428004,MC,HCA
'Paul','Ferone','United States','06588 13308271',1841.59,'Gate Agent',United States,,BB,MIA
'Anastasia','Masaro','Mongolia','06654 70300064',1449.95,'Gate Agent',United States,,DL,BDE
'Jack','Armstrong','United States','08136 39586786',1975.76,'Air Traffic Control',United States,,WN,GOK
'Mike','Randolph','France','04808 21285183',2478.85,'Air Traffic Control',France,,PJ,ORE
'Patrice','Brisebois','United States','06268 62090174',2316.30,'Gate Agent',United States,,DL,JGQ
